datum,niveau,schepcorner_id,ploegnaam,ervaring_schepper,ervaring_kopper,ervaring_duo,is_thuisploeg,kwart,is_schepper_bank,is_kopper_bank,schepper_pos_rechts,positie,kop_verplaatsen_achter,kop_veel_verplaatsen,kop_hor_verplaatsen,goal,klassement_thuis,klassement_uit,uitslag_thuis,uitslag_uit,score_voor_thuis,score_voor_uit,klassement,klassement_veschil,is_degradatieplaats,is_promotieplaats,score_verschil_voor,periode,schepcorner_nummer,goal_lag_ploeg,goal_lag_wedstrijd
2025-03-15,kern_laag,1,marathon,4.0,4.0,4.0,1,1,1,0,1,5,0,0,0,1,1,5,4,1,0,0,1.0,4,0,1,0,4,1,0.0,0.6616915422885572
2025-03-15,kern_laag,2,marathon,4.0,4.0,4.0,1,2,0,0,1,5,0,0,0,0,1,5,4,1,2,0,1.0,4,0,1,2,4,2,1.0,1.0
2025-03-15,kern_laag,3,poba juniors,3.0,2.0,3.0,0,3,0,0,0,2,0,0,1,0,1,5,4,1,2,0,5.0,4,0,0,2,4,3,0.0,0.0
2024-09-03,kern_laag,4,mvc rudie,4.0,5.0,4.0,1,3,1,0,1,5,0,1,1,0,8,3,11,2,4,1,8.0,5,0,0,3,1,1,1.0,0.6616915422885572
2024-09-03,kern_laag,5,uncle abes patty pounders,1.0,5.0,1.0,0,3,1,0,1,5,0,0,0,0,8,3,11,2,5,2,3.0,5,0,1,3,1,2,0.6616915422885572,0.0
2024-09-03,kern_laag,6,uncle abes patty pounders,1.0,5.0,1.0,0,4,0,0,1,5,0,0,0,0,8,3,11,2,11,2,3.0,5,0,1,9,1,3,0.0,0.0
2024-09-03,kern_laag,7,de balzakskes,3.0,3.0,3.0,1,2,0,0,1,2,1,1,1,0,3,10,4,6,2,3,3.0,7,0,1,1,1,1,0.6616915422885572,0.6616915422885572
2024-09-03,kern_laag,8,fc spitbulls,1.0,3.0,2.0,0,2,0,0,1,2,0,1,1,1,3,10,4,6,2,3,10.0,7,0,0,1,1,2,0.0,0.0
2024-09-03,kern_laag,9,de balzakskes,3.0,3.0,3.0,1,3,0,0,1,2,0,0,0,1,3,10,4,6,3,4,3.0,7,0,1,1,1,3,0.0,1.0
2024-09-03,kern_laag,10,fc spitbulls,1.0,3.0,2.0,0,4,1,0,1,2,0,0,0,1,3,10,4,6,4,5,10.0,7,0,0,1,1,4,1.0,1.0
2024-09-03,kern_laag,11,titans,3.0,3.0,3.0,1,3,0,1,1,6,0,1,1,0,4,9,5,3,4,3,4.0,5,0,0,1,1,1,0.6616915422885572,0.6616915422885572
2024-09-03,kern_laag,12,mvc de hoeve,4.0,5.0,4.0,0,3,1,0,1,3,0,0,0,0,,,7,2,3,2,,,0,0,1,1,1,0.0,0.6616915422885572
2024-09-03,kern_laag,13,mvc uuflakke,4.0,4.0,4.0,1,4,0,0,1,2,0,0,0,1,,,7,2,4,2,,,0,0,2,1,2,0.6616915422885572,0.0
2024-09-02,kern_laag,14,cercle sportif gent,5.0,3.0,3.0,1,2,0,0,1,5,0,0,0,1,,,7,8,2,1,,,0,0,1,1,1,0.6616915422885572,0.6616915422885572
2024-09-02,kern_laag,15,cercle sportif gent,5.0,3.0,3.0,1,3,0,0,1,5,0,0,0,1,,,7,8,4,5,,,0,0,1,1,2,1.0,1.0
2024-09-02,kern_laag,16,lazio roma,5.0,2.0,2.0,0,4,0,0,1,4,0,0,0,1,,,7,8,6,6,,,0,0,0,1,3,0.6616915422885572,1.0
2024-09-02,kern_laag,17,de schuimforellen,1.0,1.0,1.0,1,3,0,0,0,5,1,0,0,0,,,2,6,1,2,,,0,0,1,1,1,0.0,0.6616915422885572
2024-09-02,kern_laag,18,mvc rudie,4.0,5.0,4.0,0,3,0,0,1,2,0,0,0,1,,,2,6,1,3,,,0,0,2,1,2,0.6616915422885572,0.0
2024-09-02,kern_laag,19,mbapparte fc,3.7572254335260116,3.7167630057803467,3.485549132947977,0,1,0,0,0,5,0,0,0,1,,,2,15,1,2,,,0,0,1,1,1,0.6616915422885572,0.6616915422885572
2024-09-02,kern_laag,20,sweco fc,3.7572254335260116,3.7167630057803467,3.485549132947977,1,2,0,0,0,2,0,0,0,1,,,2,15,1,3,,,0,0,2,1,2,0.6616915422885572,1.0
2024-09-02,kern_laag,21,mbapparte fc,3.7572254335260116,3.7167630057803467,3.485549132947977,0,3,0,0,0,2,1,1,0,0,,,2,15,2,6,,,0,0,4,1,3,1.0,1.0
2024-09-02,kern_hoog,22,citadel park rangers,4.269230769230769,4.230769230769231,3.8846153846153846,1,2,0,0,1,2,0,0,0,1,8,15,4,5,0,2,8.0,7,0,0,2,1,1,0.6616915422885572,0.6616915422885572
2024-09-02,kern_hoog,23,citadel park rangers,4.269230769230769,4.230769230769231,3.8846153846153846,1,3,0,0,1,2,0,0,0,1,8,15,4,5,1,2,8.0,7,0,0,1,1,2,1.0,1.0
2024-09-02,kern_hoog,24,expats gent fc,4.269230769230769,4.230769230769231,3.8846153846153846,0,4,0,0,1,2,0,0,0,0,8,15,4,5,4,4,15.0,7,1,0,0,1,3,0.0,1.0
2025-03-06,kern_laag,25,marathon,5.0,2.0,3.0,0,2,1,0,1,4,0,0,0,0,3,2,1,13,0,2,2.0,1,0,1,2,4,1,1.0,0.6616915422885572
2025-03-06,kern_laag,26,marathon,5.0,2.0,3.0,0,4,0,0,1,5,0,1,0,0,3,2,1,13,1,12,2.0,1,0,1,11,4,2,0.0,0.0
2025-02-24,kern_laag,27,marathon,1.0,5.0,1.0,0,1,0,0,1,5,0,0,0,1,1,10,4,6,0,0,10.0,9,0,0,0,4,1,0.0,0.6616915422885572
2025-02-24,kern_laag,28,surfing elephant,5.0,5.0,5.0,1,3,0,0,1,5,0,0,0,1,1,10,4,6,2,3,1.0,9,0,1,1,4,2,1.0,1.0
2025-02-24,kern_laag,29,marathon,1.0,5.0,1.0,0,3,0,0,1,5,0,0,0,1,1,10,4,6,3,3,10.0,9,0,0,0,4,3,1.0,1.0
2025-02-21,kern_laag,30,marathon,5.0,5.0,5.0,1,2,0,0,1,5,0,0,0,1,,,5,6,1,1,,,0,0,0,4,1,1.0,0.6616915422885572
2025-02-21,kern_laag,31,fc swakkes,3.7572254335260116,3.7167630057803467,3.485549132947977,0,3,1,0,0,5,0,0,0,1,,,5,6,3,3,,,0,0,0,4,2,0.6616915422885572,1.0
2025-02-21,kern_laag,32,marathon,5.0,5.0,5.0,1,4,1,0,1,5,0,1,1,0,,,5,6,3,4,,,0,0,1,4,3,1.0,1.0
2025-02-21,kern_laag,33,fc swakkes,3.7572254335260116,3.7167630057803467,3.485549132947977,0,4,0,0,0,5,0,0,0,1,,,5,6,3,4,,,0,0,1,4,4,1.0,0.0
2024-09-05,kern_laag,34,celtic towers,4.0,5.0,1.0,0,3,0,1,1,5,0,0,1,0,8,3,5,3,3,2,3.0,5,0,1,1,1,1,1.0,0.6616915422885572
2024-09-05,kern_laag,35,Sunday ole tribute band,3.7572254335260116,3.7167630057803467,3.485549132947977,1,2,0,0,0,1,0,0,0,1,,,7,4,2,2,,,0,0,0,1,1,1.0,0.6616915422885572
2024-09-05,kern_laag,36,mvc recubela,3.7572254335260116,3.7167630057803467,3.485549132947977,0,4,0,0,1,5,1,1,0,0,,,7,4,7,4,,,0,0,3,1,2,0.0,1.0
2024-09-05,kern_laag,37,t nieuw kasteeltje,3.6436781609195403,3.7126436781609193,3.3777777777777778,1,3,0,0,1,2,0,0,0,1,,,7,3,1,2,,,0,0,1,1,1,0.6616915422885572,0.6616915422885572
2024-09-05,kern_laag,38,t nieuw kasteeltje,3.6436781609195403,3.7126436781609193,3.3777777777777778,1,4,0,0,1,2,0,0,0,1,,,7,3,2,3,,,0,0,1,1,2,1.0,1.0
2024-09-05,kern_laag,39,het gouden hoofd a,3.6436781609195403,3.7126436781609193,3.3777777777777778,0,4,0,0,1,2,1,1,0,0,,,7,3,6,3,,,0,0,3,1,3,0.6616915422885572,1.0
2024-09-05,kern_laag,40,racing sport,3.6436781609195403,3.7126436781609193,3.3777777777777778,1,3,0,0,1,5,0,0,0,0,,,5,6,3,2,,,0,0,1,1,1,0.0,0.6616915422885572
2024-09-05,kern_laag,41,gienen druk ,3.6436781609195403,3.7126436781609193,3.3777777777777778,0,3,1,0,1,5,0,0,0,1,,,5,6,3,4,,,0,0,1,1,2,1.0,0.0
2024-09-05,kern_laag,42,de leeuwen,5.0,5.0,5.0,1,2,0,0,0,2,0,0,0,1,,,9,3,4,0,,,0,0,4,1,1,1.0,0.6616915422885572
2024-09-04,kern_laag,43,enerice mvc,3.0,1.0,1.0,1,2,0,0,1,2,0,1,1,0,1,7,5,6,3,0,1.0,6,0,1,3,1,1,1.0,0.6616915422885572
2024-09-04,kern_laag,44,bbc united,3.7572254335260116,3.7167630057803467,3.485549132947977,0,2,0,0,1,2,0,0,1,0,1,7,5,6,3,0,7.0,6,0,0,3,1,2,0.6616915422885572,0.0
2024-09-04,kern_laag,45,enerice mvc,3.0,1.0,1.0,1,3,0,0,1,5,0,0,0,1,1,7,5,6,4,2,1.0,6,0,1,2,1,3,0.0,0.0
2024-09-04,kern_laag,46,bbc united,3.7572254335260116,3.7167630057803467,3.485549132947977,0,4,0,0,1,6,0,0,0,1,1,7,5,6,5,3,7.0,6,0,0,2,1,4,0.0,1.0
2024-09-03,kern_hoog,47,reflexin cafespelen,4.0,3.0,3.0,0,3,0,0,1,4,0,1,1,1,7,6,3,9,3,4,6.0,1,0,0,1,1,1,1.0,0.6616915422885572
2024-09-03,kern_laag,48,de coulissen,4.0,4.0,4.0,1,1,0,0,0,6,0,0,0,1,,,5,2,2,0,,,0,0,2,1,1,1.0,0.6616915422885572
2024-09-03,kern_laag,49,fc plateau,3.0,5.0,3.0,0,2,0,0,1,5,0,1,1,0,,,5,2,3,0,,,0,0,3,1,2,0.6616915422885572,1.0
2024-09-03,kern_laag,50,fc plateau,3.0,5.0,3.0,0,4,0,0,1,5,0,1,1,0,,,5,2,4,1,,,0,0,3,1,3,0.0,0.0
2024-09-03,kern_laag,51,de coulissen,4.0,4.0,4.0,1,4,0,0,0,6,0,0,0,1,,,5,2,4,2,,,0,0,2,1,4,1.0,0.0
2025-03-15,kern_laag,52,marathon,5.0,5.0,5.0,1,1,1,0,1,5,0,0,0,1,1,5,4,1,0,0,1.0,4,0,1,0,4,1,0.0,0.6616915422885572
2025-03-15,kern_laag,53,marathon,5.0,5.0,5.0,1,2,0,0,1,5,0,0,0,0,1,5,4,1,2,0,1.0,4,0,1,2,4,2,1.0,1.0
2025-03-15,kern_laag,54,poba juniors,3.0,2.0,3.0,0,3,0,0,0,2,0,0,1,0,1,5,4,1,2,0,5.0,4,0,0,2,4,3,0.0,0.0
2024-09-02,kern_hoog,55,mvc muggi,4.0,4.0,4.0,1,2,0,0,1,5,0,0,0,1,,,7,5,5,0,,,0,0,5,1,1,1.0,0.6616915422885572
2025-03-19,kern_laag,56,marathon,5.0,5.0,5.0,1,2,0,0,1,5,0,0,0,0,1,2,1,3,0,1,1.0,1,0,1,1,4,1,0.0,0.6616915422885572
2025-03-19,kern_laag,57,tengstar,5.0,4.0,4.0,0,3,0,0,1,4,0,0,0,1,1,2,1,3,0,1,2.0,1,0,1,1,4,2,0.0,0.0
2025-03-19,kern_laag,58,marathon,5.0,5.0,5.0,1,3,1,0,1,5,0,0,0,0,1,2,1,3,0,2,1.0,1,0,1,2,4,3,0.0,1.0
2025-03-19,kern_laag,59,marathon,5.0,5.0,5.0,1,3,1,0,1,5,0,0,0,0,1,2,1,3,1,3,1.0,1,0,1,2,4,4,0.0,0.0
2024-08-30,kern_laag,60,mvc mogelijks,4.0,5.0,4.0,1,2,0,1,1,1,0,0,1,1,,,11,3,3,2,,,0,0,1,1,1,0.6616915422885572,0.6616915422885572
2024-08-30,kern_laag,61,mvc mogelijks,4.0,5.0,4.0,1,3,1,0,0,2,0,0,0,1,,,11,3,7,2,,,0,0,5,1,2,1.0,1.0
2024-08-29,kern_laag,62,enerice mvc,4.0,4.0,4.0,0,2,0,0,0,5,0,0,0,1,,,5,14,1,5,,,0,0,4,1,1,0.6616915422885572,0.6616915422885572
2024-08-29,kern_laag,63,mvc de hoeve,4.0,3.0,4.0,1,3,0,0,1,2,1,0,0,0,,,5,14,3,10,,,0,0,7,1,2,0.6616915422885572,1.0
2024-08-29,kern_laag,64,team teheran,3.0,3.0,3.0,0,3,0,0,0,5,1,0,0,0,,,2,2,2,2,,,0,0,0,1,1,0.6616915422885572,0.6616915422885572
2024-08-29,kern_laag,65,celtic towers,4.0,5.0,1.0,1,2,0,1,1,4,0,0,0,1,,,5,0,0,0,,,0,0,0,1,1,0.6616915422885572,0.6616915422885572
2024-08-29,kern_laag,66,celtic towers,4.0,5.0,1.0,1,3,0,0,1,2,0,0,0,1,,,5,0,3,0,,,0,0,3,1,2,1.0,1.0
2024-08-29,kern_laag,67,sporting sekowa,3.6436781609195403,3.7126436781609193,3.3777777777777778,0,3,0,1,1,5,0,0,0,1,,,6,4,3,1,,,0,0,2,1,1,0.6616915422885572,0.6616915422885572
2024-08-29,kern_laag,68,ojoo,4.0,4.0,5.0,0,4,0,0,0,6,0,0,0,1,,,4,4,4,3,,,0,0,1,1,1,0.6616915422885572,0.6616915422885572
2024-08-29,kern_laag,69,fc zatletico,5.0,5.0,5.0,0,4,0,1,1,2,0,0,0,1,,,3,3,1,1,,,0,0,0,1,1,0.6616915422885572,0.6616915422885572
2024-08-29,kern_laag,70,vma,5.0,5.0,5.0,1,4,0,0,1,2,0,0,0,1,,,3,3,2,3,,,0,0,1,1,2,0.6616915422885572,1.0
2024-08-28,kern_hoog,71,mvc muggi,4.0,4.0,4.0,0,2,0,0,1,5,0,0,0,1,,,4,9,1,3,,,0,0,2,1,1,0.6616915422885572,0.6616915422885572
2024-08-28,kern_hoog,72,los galaticos,4.0,4.0,4.0,1,3,1,0,1,5,0,0,0,1,,,4,9,2,4,,,0,0,2,1,2,0.6616915422885572,1.0
2024-08-28,kern_hoog,73,mvc muggi,4.0,4.0,4.0,0,3,0,0,1,5,0,0,0,1,,,4,9,3,4,,,0,0,1,1,3,1.0,1.0
2024-08-28,kern_hoog,74,los galaticos,4.0,4.0,4.0,1,4,0,0,1,5,0,0,0,1,,,4,9,3,5,,,0,0,2,1,4,1.0,1.0
2024-08-28,kern_hoog,75,mvc muggi,4.0,4.0,4.0,0,4,1,0,1,5,0,0,0,1,,,4,9,4,8,,,0,0,4,1,5,1.0,1.0
2025-04-02,kern_laag,76,fc spitbulls,3.0,3.0,3.0,0,2,0,0,0,2,0,0,0,1,3,4,6,4,1,0,4.0,1,0,0,1,4,1,0.0,0.6616915422885572
2025-04-02,kern_laag,77,mvc pio,4.0,4.0,4.0,1,3,1,0,0,5,0,0,0,1,3,4,6,4,2,1,3.0,1,0,1,1,4,2,0.6616915422885572,1.0
2025-04-02,kern_laag,78,fc spitbulls,3.0,3.0,3.0,0,3,0,0,0,5,0,0,0,1,3,4,6,4,5,1,4.0,1,0,0,4,4,3,1.0,1.0
2025-04-02,kern_laag,79,fc spitbulls,3.0,3.0,3.0,0,4,0,0,0,5,0,0,1,1,3,4,6,4,6,2,4.0,1,0,0,4,4,4,1.0,1.0
2025-03-27,kern_laag,80,fc spitbulls,4.0,4.0,4.0,0,1,0,0,0,2,0,0,0,1,6,4,2,4,0,0,4.0,2,0,0,0,4,1,1.0,0.6616915422885572
2025-03-27,kern_laag,81,popol and the defenders of fun,3.0,3.0,3.0,1,2,0,0,0,5,0,0,1,0,6,4,2,4,1,1,6.0,2,0,0,0,4,2,0.0,1.0
2025-03-27,kern_laag,82,fc spitbulls,4.0,4.0,4.0,0,3,0,0,0,5,1,1,1,0,6,4,2,4,2,2,4.0,2,0,0,0,4,3,1.0,0.0
2025-03-21,kern_laag,83,fc spitbulls,4.0,4.0,4.0,1,2,0,0,0,5,0,0,0,1,4,12,6,5,2,0,4.0,8,0,0,2,4,1,1.0,0.6616915422885572
2025-03-21,kern_laag,84,the indoor warriors,3.0,3.0,3.0,0,4,0,0,0,5,0,0,0,1,4,12,6,5,6,2,12.0,8,0,0,4,4,2,1.0,1.0
2025-03-11,kern_laag,85,mvc tpleintje,4.0,4.0,4.0,0,2,1,0,0,5,0,0,0,1,4,5,3,5,0,1,5.0,1,0,0,1,4,1,1.0,0.6616915422885572
2025-03-11,kern_laag,86,fc spitbulls,4.0,4.0,4.0,1,3,0,0,0,5,0,0,0,1,4,5,3,5,2,4,4.0,1,0,0,2,4,2,1.0,1.0
2025-03-06,kern_laag,87,de kioskvrienden,4.0,4.0,4.0,1,2,0,0,0,5,0,0,0,1,8,4,5,7,2,2,8.0,4,0,0,0,4,1,1.0,0.6616915422885572
2025-03-06,kern_laag,88,fc spitbulls,4.0,3.0,2.0,0,3,1,0,0,5,0,0,0,1,8,4,5,7,4,2,4.0,4,0,0,2,4,2,0.0,1.0
2025-03-06,kern_laag,89,fc spitbulls,4.0,3.0,2.0,0,4,0,0,0,5,0,0,0,1,8,4,5,7,4,5,4.0,4,0,0,1,4,3,1.0,1.0
2025-02-17,kern_laag,90,fc de floppers,4.0,4.0,4.0,1,2,1,0,0,5,0,1,1,0,10,4,1,1,0,0,10.0,6,0,0,0,4,1,0.6616915422885572,0.6616915422885572
2025-02-17,kern_laag,91,fc spitbulls,4.0,4.0,4.0,0,2,0,0,0,5,1,1,1,0,10,4,1,1,0,0,4.0,6,0,0,0,4,2,1.0,0.0
2025-02-14,kern_laag,92,fc spitbulls,4.0,4.0,4.0,1,2,0,0,0,5,0,0,0,1,4,6,6,2,2,0,4.0,2,0,0,2,4,1,0.0,0.6616915422885572
2025-02-14,kern_laag,93,fc spitbulls,4.0,4.0,4.0,1,4,0,0,0,5,0,0,0,1,4,6,6,2,4,2,4.0,2,0,0,2,4,2,1.0,1.0
2024-08-28,kern_laag,94,gouden hoofd b,3.6436781609195403,3.7126436781609193,3.3777777777777778,1,1,0,1,0,5,0,0,1,1,,,5,2,0,0,,,0,0,0,1,1,0.6616915422885572,0.6616915422885572
2024-08-28,kern_laag,95,gouden hoofd b,3.6436781609195403,3.7126436781609193,3.3777777777777778,1,3,0,1,0,2,0,0,0,1,,,5,2,2,0,,,0,0,2,1,2,1.0,1.0
2024-08-28,kern_laag,96,racing sport,3.6436781609195403,3.7126436781609193,3.3777777777777778,0,3,0,1,1,5,0,0,1,0,,,5,2,4,0,,,0,0,4,1,3,0.6616915422885572,1.0
2024-08-28,kern_laag,97,gouden hoofd b,3.6436781609195403,3.7126436781609193,3.3777777777777778,1,4,1,0,0,2,0,0,0,1,,,5,2,4,0,,,0,0,4,1,4,1.0,0.0
2024-08-28,kern_laag,98,ecp united,5.0,5.0,5.0,0,2,0,0,1,5,0,0,0,0,,,4,4,0,1,,,0,0,1,1,1,0.6616915422885572,0.6616915422885572
2024-08-28,kern_laag,99,buzze bears,5.0,5.0,5.0,1,3,1,1,1,4,0,0,1,1,,,4,4,2,2,,,0,0,0,1,2,0.6616915422885572,0.0
2024-08-28,kern_laag,100,ecp united,5.0,5.0,5.0,0,3,0,0,1,5,0,0,0,1,,,4,4,3,2,,,0,0,1,1,3,0.0,1.0
2024-08-28,kern_laag,101,buzze bears,5.0,5.0,5.0,1,4,0,0,1,5,0,0,1,1,,,4,4,2,3,,,0,0,1,1,4,1.0,1.0
2024-08-28,kern_laag,102,face tart,3.7572254335260116,3.7167630057803467,3.485549132947977,1,3,0,0,1,5,0,1,1,0,,,5,3,3,1,,,0,0,2,1,1,0.6616915422885572,0.6616915422885572
2024-08-28,kern_laag,103,straton eagles,5.0,5.0,5.0,0,3,0,0,1,6,0,1,0,1,,,5,3,3,1,,,0,0,2,1,2,0.6616915422885572,0.0
2024-08-28,kern_laag,104,bij boer jan,3.0,3.0,3.0,1,1,0,0,0,5,0,0,1,0,,,3,4,0,0,,,0,0,0,1,1,0.6616915422885572,0.6616915422885572
2024-08-28,kern_laag,105,bij boer jan,3.0,3.0,3.0,1,2,0,0,1,5,0,1,0,0,,,3,4,0,0,,,0,0,0,1,2,0.0,0.0
2024-08-28,kern_laag,106,de sierduikers,4.0,4.0,4.0,0,3,0,0,0,5,0,0,0,1,,,3,4,2,2,,,0,0,0,1,3,0.6616915422885572,0.0
2024-08-28,kern_laag,107,bij boer jan,3.0,3.0,3.0,1,4,0,0,1,5,1,0,0,0,,,3,4,3,4,,,0,0,1,1,4,0.0,1.0
2024-08-28,kern_hoog,108,omerta,2.6666666666666665,2.3333333333333335,2.3333333333333335,1,2,0,1,1,4,0,1,1,0,,,4,6,1,3,,,0,0,2,1,1,0.6616915422885572,0.6616915422885572
2024-08-28,kern_hoog,109,gmg nerr,3.888888888888889,3.6744186046511627,3.642857142857143,0,3,0,0,0,5,0,0,0,1,,,4,6,2,3,,,0,0,1,1,2,0.6616915422885572,0.0
2024-08-28,kern_hoog,110,omerta,2.6666666666666665,2.3333333333333335,2.3333333333333335,1,3,0,0,1,5,0,0,0,1,,,4,6,2,4,,,0,0,2,1,3,0.0,1.0
2024-08-28,kern_hoog,111,gmg nerr,3.888888888888889,3.6744186046511627,3.642857142857143,0,4,0,0,0,5,0,0,1,1,,,4,6,3,4,,,0,0,1,1,4,1.0,1.0
2024-08-28,kern_hoog,112,omerta,2.6666666666666665,2.3333333333333335,2.3333333333333335,1,4,0,1,1,5,0,0,0,1,,,4,6,3,6,,,0,0,3,1,5,1.0,1.0
2024-08-27,kern_laag,113,mvc patatjes,4.0,5.0,4.0,0,2,0,0,0,5,0,0,0,1,,,6,6,3,1,,,0,0,2,1,1,0.6616915422885572,0.6616915422885572
2024-08-27,kern_laag,114,shaktar beenhesp,3.6436781609195403,3.7126436781609193,3.3777777777777778,0,2,0,0,0,5,0,0,0,1,,,6,5,1,2,,,0,0,1,1,1,0.6616915422885572,0.6616915422885572
2024-08-27,kern_laag,115,viking united,3.6436781609195403,3.7126436781609193,3.3777777777777778,1,2,0,0,1,5,0,1,0,1,,,6,5,1,3,,,0,0,2,1,2,0.6616915422885572,1.0
2024-08-27,kern_laag,116,viking united,3.6436781609195403,3.7126436781609193,3.3777777777777778,1,3,0,0,1,5,0,0,0,0,,,6,5,3,3,,,0,0,0,1,3,1.0,1.0
2024-08-27,kern_laag,117,viking united,3.6436781609195403,3.7126436781609193,3.3777777777777778,1,4,0,0,1,5,0,0,0,1,,,6,5,5,5,,,0,0,0,1,4,0.0,0.0
2024-08-27,kern_hoog,118,lvp pere total,4.0,4.0,4.0,0,2,0,0,1,2,0,0,0,1,,,3,3,1,1,,,0,0,0,1,1,0.6616915422885572,0.6616915422885572
2024-08-27,kern_hoog,119,lvp pere total,4.0,4.0,4.0,0,3,0,1,1,2,0,0,0,1,,,3,3,3,2,,,0,0,1,1,2,1.0,1.0
2024-08-27,kern_laag,120,hesili typpy,4.0,4.0,4.0,0,2,0,0,1,2,0,0,0,1,,,2,6,2,3,,,0,0,1,1,1,0.6616915422885572,0.6616915422885572
2024-08-27,kern_laag,121,de coulissen,4.0,4.0,4.0,0,1,0,0,0,6,0,0,0,1,,,0,3,0,1,,,0,0,1,1,1,0.6616915422885572,0.6616915422885572
2024-08-27,kern_laag,122,de coulissen,4.0,4.0,4.0,0,3,0,0,0,6,0,0,0,1,,,0,3,0,2,,,0,0,2,1,2,1.0,1.0
2024-08-27,kern_hoog,123,pillekes eps,3.888888888888889,3.6744186046511627,3.642857142857143,0,2,0,0,1,6,0,0,0,1,,,3,4,1,0,,,0,0,1,1,1,0.6616915422885572,0.6616915422885572
2024-08-27,kern_hoog,124,pillekes eps,3.888888888888889,3.6744186046511627,3.642857142857143,0,3,0,0,1,6,0,0,0,1,,,3,4,2,1,,,0,0,1,1,2,1.0,1.0
2024-08-27,kern_hoog,125,mvc selecoo,5.0,5.0,5.0,1,3,0,0,1,4,0,0,0,1,,,3,4,2,2,,,0,0,0,1,3,0.6616915422885572,1.0
2024-08-27,kern_hoog,126,pillekes eps,3.888888888888889,3.6744186046511627,3.642857142857143,0,4,0,0,1,5,0,0,0,1,,,3,4,3,2,,,0,0,1,1,4,1.0,1.0
2024-08-27,kern_hoog,127,reflexin cafespelen,4.0,3.0,3.0,1,3,0,0,1,5,0,0,0,0,,,7,6,3,3,,,0,0,0,1,1,0.6616915422885572,0.6616915422885572
2024-08-27,kern_hoog,128,reflexin cafespelen,4.0,3.0,3.0,1,3,0,0,1,5,0,0,0,1,,,7,6,5,5,,,0,0,0,1,2,0.0,0.0
2024-08-26,kern_laag,129,moet kunnen,3.0,2.0,2.0,0,1,0,0,1,6,0,0,0,1,,,3,7,1,0,,,0,0,1,1,1,0.6616915422885572,0.6616915422885572
2024-08-26,kern_laag,130,moet kunnen,3.0,2.0,2.0,0,1,0,0,1,6,0,0,0,1,,,3,7,3,6,,,0,0,3,1,2,1.0,1.0
2024-08-27,kern_laag,131,Sunday ole tribute band,3.7572254335260116,3.7167630057803467,3.485549132947977,0,1,0,0,1,5,0,1,1,0,,,3,8,1,1,,,0,0,0,1,1,0.6616915422885572,0.6616915422885572
2024-08-27,kern_laag,132,Sunday ole tribute band,3.7572254335260116,3.7167630057803467,3.485549132947977,0,2,0,0,1,5,0,0,0,1,,,3,8,3,3,,,0,0,0,1,2,0.0,0.0
2024-08-27,kern_laag,133,bocca,3.0,3.0,3.0,1,4,0,0,1,5,0,1,1,0,,,3,8,3,4,,,0,0,1,1,3,0.6616915422885572,1.0
2024-08-26,kern_laag,134,tmisverstand,3.6436781609195403,3.7126436781609193,3.3777777777777778,1,2,0,1,1,6,0,1,1,0,,,6,2,1,2,,,0,0,1,1,1,0.6616915422885572,0.6616915422885572
2024-08-26,kern_laag,135,de schuimforellen,1.0,1.0,1.0,0,3,0,0,0,6,0,1,1,0,,,6,2,4,2,,,0,0,2,1,2,0.6616915422885572,0.0
2024-08-26,kern_laag,136,tmisverstand,3.6436781609195403,3.7126436781609193,3.3777777777777778,1,4,0,0,0,5,0,1,1,0,,,6,2,4,2,,,0,0,2,1,3,0.0,0.0
2024-08-26,kern_hoog,137,efce tuanis,2.0,3.0,1.0,0,2,0,1,0,5,0,0,0,0,,,12,3,5,2,,,0,0,3,1,1,0.6616915422885572,0.6616915422885572
2024-08-26,kern_hoog,138,oxfarm,5.0,3.0,4.0,1,2,0,0,1,5,0,0,0,1,,,12,3,5,2,,,0,0,3,1,2,0.6616915422885572,0.0
2024-08-26,kern_hoog,139,efce tuanis,2.0,3.0,1.0,0,4,0,1,0,5,0,0,0,1,,,12,3,7,2,,,0,0,5,1,3,0.0,1.0
2024-08-26,kern_hoog,140,cafe gomez,4.0,3.0,4.0,0,1,0,0,1,5,0,1,1,1,,,4,6,0,0,,,0,0,0,1,1,0.6616915422885572,0.6616915422885572
2024-08-26,kern_hoog,141,cafe gomez,4.0,3.0,4.0,0,3,0,0,1,5,0,0,1,1,,,4,6,4,3,,,0,0,1,1,2,1.0,1.0
2024-08-26,kern_laag,142,great ball of fire,3.6436781609195403,3.7126436781609193,3.3777777777777778,0,2,1,0,0,5,0,0,0,1,,,4,9,1,2,,,0,0,1,1,1,0.6616915422885572,0.6616915422885572
2024-08-26,kern_laag,143,fc bwas gent,3.6436781609195403,3.7126436781609193,3.3777777777777778,1,3,0,0,1,5,0,0,0,0,,,4,9,2,7,,,0,0,5,1,2,0.6616915422885572,1.0
2024-08-26,kern_laag,144,great ball of fire,3.6436781609195403,3.7126436781609193,3.3777777777777778,0,4,0,0,0,5,0,0,0,1,,,4,9,3,7,,,0,0,4,1,3,1.0,0.0
2024-08-26,kern_laag,145,fc bwas gent,3.6436781609195403,3.7126436781609193,3.3777777777777778,1,4,0,0,1,5,0,1,0,0,,,4,9,4,8,,,0,0,4,1,4,0.0,1.0
2024-08-26,kern_laag,146,gienen druk ,3.6436781609195403,3.7126436781609193,3.3777777777777778,1,3,0,1,1,5,0,0,0,1,,,5,8,3,3,,,0,0,0,1,1,0.6616915422885572,0.6616915422885572
2024-08-26,kern_laag,147,apres foot,3.6436781609195403,3.7126436781609193,1.0,0,3,1,0,1,5,0,0,0,1,,,5,8,4,3,,,0,0,1,1,2,0.6616915422885572,1.0
2024-08-26,kern_hoog,148,expats gent fc,4.269230769230769,4.230769230769231,3.8846153846153846,1,3,1,0,1,2,0,1,1,0,,,5,10,1,4,,,0,0,3,1,1,0.6616915422885572,0.6616915422885572
2024-08-26,kern_hoog,149,boca juniors,5.0,5.0,5.0,0,4,0,0,1,5,0,0,0,1,,,5,10,5,9,,,0,0,4,1,2,0.6616915422885572,0.0
2024-09-08,kern_laag,150,de smossers,4.0,4.0,4.0,0,2,0,0,1,2,0,0,0,1,,,1,6,0,3,,,0,0,3,1,1,0.6616915422885572,0.6616915422885572
2024-12-10,kern_laag,151,marathon,3.0,1.0,1.0,1,4,0,1,1,5,0,1,1,0,2,8,11,1,11,1,2.0,6,0,1,10,3,1,0.0,0.6616915422885572
2024-12-03,kern_laag,152,marathon,4.0,4.0,4.0,1,4,0,0,1,5,0,1,1,0,2,13,4,4,4,2,2.0,11,0,1,2,3,1,1.0,0.6616915422885572
2024-12-03,kern_laag,153,fc bongske,3.7572254335260116,3.7167630057803467,3.485549132947977,0,4,0,0,1,5,0,0,0,1,2,13,4,4,4,2,13.0,11,0,0,2,3,2,0.6616915422885572,0.0
2024-10-28,kern_laag,154,fc spitbulls,4.0,4.0,4.0,0,2,1,0,1,5,0,0,0,1,1,6,2,5,0,1,6.0,5,0,0,1,2,1,0.0,0.6616915422885572
2024-10-28,kern_laag,155,mvc tpleintje,4.0,4.0,4.0,1,3,0,0,1,2,0,0,0,1,1,6,2,5,0,3,1.0,5,0,1,3,2,2,0.6616915422885572,1.0
2024-11-19,kern_laag,156,de plasticboys,5.0,5.0,5.0,1,1,0,0,1,5,0,0,1,1,10,2,3,5,0,1,10.0,8,0,0,1,2,1,1.0,0.6616915422885572
2024-11-19,kern_laag,157,marathon,3.0,4.0,3.0,0,4,1,0,1,5,0,1,1,0,10,2,3,5,3,4,2.0,8,0,1,1,2,2,1.0,1.0
2024-10-31,kern_laag,158,marathon,2.0,3.0,1.0,1,1,0,0,1,5,0,0,0,1,3,2,7,0,1,0,3.0,1,0,1,1,2,1,1.0,0.6616915422885572
2024-10-31,kern_laag,159,marathon,2.0,3.0,1.0,1,2,0,0,1,5,0,0,0,0,3,2,7,0,3,0,3.0,1,0,1,3,2,2,1.0,1.0
2024-10-31,kern_laag,160,marathon,2.0,1.0,1.0,1,3,0,0,1,5,0,0,0,0,3,2,7,0,6,0,3.0,1,0,1,6,2,3,0.0,0.0
2024-10-31,kern_laag,161,racing zeemeeuw,4.0,1.0,1.0,0,4,0,0,1,5,0,0,0,0,3,2,7,0,7,0,2.0,1,0,1,7,2,4,0.6616915422885572,0.0
2024-10-23,kern_laag,162,fc spitbulls,4.0,4.0,4.0,1,2,0,0,1,5,0,1,1,0,3,8,2,3,1,0,3.0,5,0,1,1,2,1,1.0,0.6616915422885572
2024-10-23,kern_laag,163,de kioskvrienden,5.0,5.0,5.0,0,3,0,0,1,2,0,0,0,1,3,8,2,3,1,1,8.0,5,0,0,0,2,2,0.6616915422885572,0.0
2024-10-23,kern_laag,164,fc spitbulls,4.0,4.0,4.0,1,4,1,0,0,5,0,1,1,0,3,8,2,3,1,2,3.0,5,0,1,1,2,3,0.0,1.0
2024-11-30,kern_laag,165,marathon,4.0,4.0,4.0,1,1,0,0,1,5,0,0,0,1,2,7,9,3,0,0,2.0,5,0,1,0,2,1,0.0,0.6616915422885572
2024-11-30,kern_laag,166,marathon,4.0,4.0,4.0,1,2,0,0,1,5,0,0,0,1,2,7,9,3,2,0,2.0,5,0,1,2,2,2,1.0,1.0
2024-11-30,kern_laag,167,fc spitbulls,2.0,4.0,2.0,0,4,0,1,1,5,0,0,1,0,2,7,9,3,6,2,7.0,5,0,0,4,2,3,0.0,1.0
2024-11-30,kern_laag,168,marathon,4.0,4.0,4.0,1,4,0,0,1,5,0,0,0,1,2,7,9,3,7,3,2.0,5,0,1,4,2,4,1.0,0.0
2024-10-30,kern_laag,169,kv bwaz,2.0,1.0,1.0,1,2,0,0,0,5,0,0,1,1,1,10,3,2,0,1,1.0,9,0,1,1,2,1,0.0,0.6616915422885572
2024-10-30,kern_laag,170,kfc gent,2.0,3.0,3.0,0,3,0,0,1,2,0,0,0,1,1,10,3,2,3,1,10.0,9,0,0,2,2,2,0.6616915422885572,1.0
2024-10-30,kern_laag,171,kv bwaz,2.0,1.0,1.0,1,3,0,0,0,2,1,1,1,0,1,10,3,2,3,2,1.0,9,0,1,1,2,3,1.0,1.0
2024-10-30,kern_laag,172,kv bwaz,2.0,1.0,1.0,1,4,0,0,0,2,0,0,1,0,1,10,3,2,3,2,1.0,9,0,1,1,2,4,0.0,0.0
2024-11-08,kern_laag,173,swakkes united,4.0,1.0,1.0,1,2,0,0,0,5,0,0,0,1,3,6,7,1,2,0,3.0,3,0,1,2,2,1,1.0,0.6616915422885572
2024-11-08,kern_laag,174,swakkes united,4.0,1.0,1.0,1,3,1,0,0,5,0,0,0,1,3,6,7,1,4,1,3.0,3,0,1,3,2,2,1.0,1.0
2024-10-31,kern_laag,175,partizan,4.0,4.0,4.0,1,1,0,0,1,5,0,0,0,1,4,1,7,5,2,1,4.0,3,0,0,1,2,1,0.6616915422885572,0.6616915422885572
2024-10-31,kern_laag,176,swakkes united,3.0,2.0,2.0,0,2,1,0,0,6,0,0,1,0,4,1,7,5,3,1,1.0,3,0,1,2,2,2,0.0,1.0
2024-10-31,kern_laag,177,swakkes united,3.0,2.0,2.0,0,4,1,0,1,5,0,0,0,1,4,1,7,5,5,4,1.0,3,0,1,1,2,3,0.0,0.0
2024-10-23,kern_laag,178,de blauwe tovenaars,4.0,3.0,3.0,0,2,0,0,1,2,0,0,0,1,1,3,6,6,3,2,3.0,2,0,1,1,2,1,0.6616915422885572,0.6616915422885572
2024-10-23,kern_laag,179,swakkes united,3.0,2.0,2.0,1,4,1,0,0,2,0,1,0,0,1,3,6,6,6,6,1.0,2,0,1,0,2,2,0.6616915422885572,1.0
2024-10-18,kern_laag,180,kv bwaz,1.0,1.0,1.0,0,2,0,0,1,4,1,0,0,1,5,2,6,8,4,1,2.0,3,0,1,3,2,1,0.6616915422885572,0.6616915422885572
2024-10-18,kern_laag,181,uncle abes patty pounders,3.0,2.0,2.0,1,3,0,0,1,4,0,1,0,0,5,2,6,8,5,3,5.0,3,0,0,2,2,2,0.0,1.0
2024-10-25,kern_laag,182,kv bwaz,1.0,1.0,1.0,0,4,0,1,0,5,1,1,1,0,10,1,5,8,5,7,1.0,9,0,1,2,2,1,1.0,0.6616915422885572
2024-10-25,kern_laag,183,mvc zappa b,2.0,2.0,2.0,1,4,0,0,1,5,0,1,1,0,10,1,5,8,5,7,10.0,9,0,0,2,2,2,0.6616915422885572,0.0
2024-11-04,kern_laag,184,marathon,4.0,2.0,1.0,1,2,1,0,1,4,0,0,1,0,2,8,3,7,1,2,2.0,6,0,1,1,2,1,0.0,0.6616915422885572
2024-11-04,kern_laag,185,fc swavey,5.0,5.0,5.0,0,3,0,0,0,6,0,0,1,1,2,8,3,7,1,2,8.0,6,0,0,1,2,2,0.6616915422885572,0.0
2024-11-04,kern_laag,186,fc swavey,5.0,5.0,5.0,0,3,0,0,0,6,0,0,0,1,2,8,3,7,1,3,8.0,6,0,0,2,2,3,1.0,1.0
2024-11-04,kern_laag,187,marathon,4.0,2.0,1.0,1,4,0,0,1,4,0,0,0,1,2,8,3,7,2,4,2.0,6,0,1,2,2,4,0.0,1.0
2024-10-22,kern_laag,188,marathon,4.0,2.0,1.0,0,2,0,0,1,5,0,0,0,1,6,5,2,4,0,2,5.0,1,0,0,2,2,1,1.0,0.6616915422885572
2024-10-22,kern_laag,189,poba juniors,3.0,2.0,3.0,1,3,1,0,0,2,0,1,1,0,6,5,2,4,0,3,6.0,1,0,0,3,2,2,0.6616915422885572,1.0
2024-10-22,kern_laag,190,poba juniors,3.0,2.0,3.0,1,3,1,0,0,2,0,0,0,1,6,5,2,4,0,3,6.0,1,0,0,3,2,3,0.0,0.0
2024-10-22,kern_laag,191,poba juniors,3.0,2.0,3.0,1,4,1,0,0,2,0,1,1,0,6,5,2,4,1,4,6.0,1,0,0,3,2,4,1.0,1.0
2024-09-23,kern_hoog,192,cafe theatre,5.0,5.0,5.0,1,2,0,0,1,5,0,0,0,1,,,7,2,3,0,,,0,0,3,1,1,0.6616915422885572,0.6616915422885572
2024-09-23,kern_hoog,193,bocca seniors ghent,5.0,5.0,5.0,0,4,0,0,1,5,0,0,0,1,,,7,2,6,1,,,0,0,5,1,2,0.6616915422885572,1.0
2024-09-23,kern_laag,194,de plasticboys,5.0,5.0,5.0,0,2,0,0,1,5,0,0,0,1,,,4,10,1,3,,,0,0,2,1,1,0.6616915422885572,0.6616915422885572
2024-09-23,kern_laag,195,de plasticboys,5.0,5.0,5.0,0,2,0,0,1,5,0,0,0,1,,,4,10,2,6,,,0,0,4,1,2,1.0,1.0
2024-09-23,kern_laag,196,surfing elephant,5.0,5.0,5.0,1,4,0,1,0,5,0,0,0,1,,,4,10,3,9,,,0,0,6,1,3,0.6616915422885572,1.0
2024-10-03,kern_laag,197,atom solar,3.0,4.0,3.0,0,3,1,1,0,5,0,0,0,1,,,4,11,2,3,,,0,0,1,2,1,0.6616915422885572,0.6616915422885572
2024-10-03,kern_laag,198,de pallieterkes,4.0,4.0,4.0,1,3,0,0,1,2,0,0,0,1,,,4,11,2,6,,,0,0,4,2,2,1.0,1.0
2024-10-03,kern_laag,199,de pallieterkes,4.0,4.0,4.0,1,4,0,0,0,2,1,0,0,0,,,4,11,4,11,,,0,0,7,2,3,1.0,1.0
2024-09-20,kern_laag,200,ghentcester city,3.7572254335260116,3.7167630057803467,3.485549132947977,1,4,0,0,1,2,0,0,0,1,,,4,5,3,5,,,0,0,2,1,1,0.6616915422885572,0.6616915422885572
2024-09-14,kern_laag,201,frigo loco,4.0,4.0,5.0,1,3,0,0,0,5,0,0,0,1,,,6,3,3,2,,,0,0,1,1,1,0.6616915422885572,0.6616915422885572
2024-09-14,kern_laag,202,rip,4.0,4.0,5.0,0,4,0,0,1,5,0,0,0,1,,,6,3,6,2,,,0,0,4,1,2,1.0,1.0
2024-09-14,kern_hoog,203,brandsano pat,5.0,5.0,5.0,0,2,0,0,1,5,0,0,0,1,,,5,11,1,3,,,0,0,2,1,1,0.6616915422885572,0.6616915422885572
2024-09-14,kern_hoog,204,brandsano pat,5.0,5.0,5.0,0,3,0,0,1,5,0,0,0,1,,,5,11,4,8,,,0,0,4,1,2,1.0,1.0
2024-09-14,kern_hoog,205,eyjafjallaj√∂kull,4.0,5.0,5.0,1,4,0,0,1,5,0,0,0,1,,,5,11,4,11,,,0,0,7,1,3,0.6616915422885572,1.0
2024-09-12,kern_laag,206,jeu de boules,5.0,5.0,5.0,0,3,0,0,1,3,0,0,0,1,,,3,6,2,4,,,0,0,2,1,1,0.6616915422885572,0.6616915422885572
2024-09-11,kern_laag,207,mvc bernies,3.0,5.0,4.0,0,3,0,0,1,5,0,0,0,1,,,4,3,2,1,,,0,0,1,1,1,0.6616915422885572,0.6616915422885572
2024-09-11,kern_laag,208,buzze bears,5.0,5.0,5.0,1,3,0,0,1,2,1,1,0,0,,,4,3,4,3,,,0,0,1,1,2,1.0,1.0
2024-09-11,kern_laag,209,chasse patat,3.0,3.0,3.0,1,2,0,0,0,5,0,0,0,1,,,3,3,0,0,,,0,0,0,1,1,0.6616915422885572,0.6616915422885572
2024-09-11,kern_laag,210,red hot chili peppers,3.7572254335260116,3.7167630057803467,3.485549132947977,0,4,0,0,1,2,1,0,1,0,,,3,3,2,2,,,0,0,0,1,2,0.6616915422885572,1.0
2024-09-11,kern_laag,211,atletico rabona,4.0,4.0,3.0,0,2,0,1,1,5,0,1,1,0,,,1,6,0,1,,,0,0,1,1,1,1.0,0.6616915422885572
2024-09-11,kern_laag,212,atletico rabona,4.0,4.0,3.0,0,2,0,1,0,5,0,0,1,1,,,1,6,0,1,,,0,0,1,1,2,0.0,0.0
2024-09-11,kern_laag,213,atletico rabona,4.0,4.0,3.0,0,4,0,0,1,5,0,1,1,0,,,1,6,1,4,,,0,0,3,1,3,1.0,1.0
2024-09-11,kern_laag,214,mvc legia gent,3.6436781609195403,3.7126436781609193,3.3777777777777778,1,4,0,0,0,5,0,1,1,0,,,1,6,1,4,,,0,0,3,1,4,0.6616915422885572,0.0
2024-09-11,kern_laag,215,atletico rabona,4.0,4.0,3.0,0,4,0,1,0,5,0,0,0,1,,,1,6,1,5,,,0,0,4,1,5,0.0,0.0
2024-09-11,kern_laag,216,ecp united,5.0,4.4,3.2,0,2,0,0,1,1,0,1,1,0,,,4,5,2,2,,,0,0,0,1,1,1.0,0.6616915422885572
2024-09-10,kern_hoog,217,tuacis,4.0,3.0,2.0,0,1,0,1,0,5,0,0,0,1,,,4,2,1,1,,,0,0,0,1,1,0.6616915422885572,0.6616915422885572
2024-09-10,kern_hoog,218,los pepes,3.888888888888889,3.6744186046511627,3.642857142857143,1,3,0,0,0,5,0,1,1,0,,,4,2,3,1,,,0,0,2,1,2,0.6616915422885572,1.0
2024-09-11,kern_hoog,219,velodrome,3.888888888888889,3.6744186046511627,3.642857142857143,0,3,0,0,1,5,0,0,0,1,,,3,2,2,1,,,0,0,1,1,1,0.6616915422885572,0.6616915422885572
2024-09-11,kern_hoog,220,alflex,3.888888888888889,3.6744186046511627,3.642857142857143,1,4,0,0,1,5,1,0,0,0,,,3,2,3,2,,,0,0,1,1,2,0.6616915422885572,1.0
2024-09-11,kern_hoog,221,velodrome,3.888888888888889,3.6744186046511627,3.642857142857143,0,4,0,0,1,5,0,1,1,0,,,3,2,3,2,,,0,0,1,1,3,1.0,0.0
2024-09-10,kern_laag,222,atletico verdriet,2.0,2.0,2.0,0,1,0,0,0,2,1,0,1,0,,,2,5,1,1,,,0,0,0,1,1,0.6616915422885572,0.6616915422885572
2024-09-10,kern_laag,223,atletico verdriet,2.0,2.0,2.0,0,2,0,0,0,2,0,0,0,1,,,2,5,1,1,,,0,0,0,1,2,0.0,0.0
2024-09-10,kern_laag,224,viking united,3.6436781609195403,3.7126436781609193,3.3777777777777778,1,3,0,0,1,5,0,0,0,1,,,2,5,1,2,,,0,0,1,1,3,1.0,1.0
2024-09-10,kern_laag,225,atletico verdriet,2.0,2.0,2.0,0,3,1,0,0,5,0,0,0,1,,,2,5,2,3,,,0,0,1,1,4,1.0,1.0
2024-09-10,kern_laag,226,boca down under,2.0,2.0,2.0,1,2,0,0,0,3,1,0,0,0,,,1,4,0,0,,,0,0,0,1,1,0.6616915422885572,0.6616915422885572
2024-09-10,kern_laag,227,boca down under,2.0,2.0,2.0,1,3,0,0,1,2,0,0,0,1,,,1,4,0,3,,,0,0,3,1,2,0.0,0.0
2024-09-10,kern_laag,228,chateau des frites,3.7572254335260116,3.7167630057803467,3.485549132947977,0,4,1,0,1,2,0,0,0,1,,,1,4,1,3,,,0,0,2,1,3,0.6616915422885572,1.0
2024-09-10,kern_laag,229,devaldo rojo,5.0,5.0,5.0,0,2,0,0,1,5,0,0,0,1,,,7,4,2,1,,,0,0,1,1,1,0.6616915422885572,0.6616915422885572
2024-09-10,kern_laag,230,devaldo rojo,5.0,5.0,5.0,0,4,0,0,1,5,0,0,0,1,,,7,4,7,3,,,0,0,4,1,2,1.0,1.0
2024-10-14,kern_laag,231,marathon,4.0,4.0,4.0,1,1,1,0,1,5,0,0,0,1,4,11,6,8,1,2,4.0,7,0,0,1,2,1,0.6616915422885572,0.6616915422885572
2024-10-14,kern_laag,232,surfing elephant,5.0,5.0,5.0,0,3,0,0,0,5,0,1,1,0,4,11,6,8,4,5,11.0,7,0,0,1,2,2,1.0,1.0
2024-10-14,kern_laag,233,marathon,4.0,4.0,4.0,1,3,1,0,1,5,0,0,0,1,4,11,6,8,4,6,4.0,7,0,0,2,2,3,1.0,0.0
2024-10-14,kern_laag,234,surfing elephant,5.0,5.0,5.0,0,4,0,0,0,5,0,0,0,1,4,11,6,8,5,6,11.0,7,0,0,1,2,4,0.0,1.0
2024-10-14,kern_laag,235,surfing elephant,5.0,5.0,5.0,0,4,0,0,0,3,0,0,0,1,4,11,6,8,5,7,11.0,7,0,0,2,2,5,1.0,1.0
2024-08-26,kern_laag,236,de sparta hazards,3.6436781609195403,3.7126436781609193,3.3777777777777778,0,1,0,0,1,2,0,0,0,1,,,3,4,1,0,,,0,0,1,1,1,0.6616915422885572,0.6616915422885572
2024-08-26,kern_laag,237,mvc art nivo,4.0,3.0,1.0,1,2,0,1,1,5,0,1,1,0,,,3,4,2,1,,,0,0,1,1,2,0.6616915422885572,1.0
2024-08-26,kern_laag,238,de sparta hazards,3.6436781609195403,3.7126436781609193,3.3777777777777778,0,3,0,1,1,5,0,0,0,1,,,3,4,2,1,,,0,0,1,1,3,1.0,0.0
2024-08-26,kern_laag,239,mvc art nivo,4.0,3.0,1.0,1,4,0,0,1,5,0,0,0,0,,,3,4,3,4,,,0,0,1,1,4,0.0,1.0
2024-08-26,kern_laag,240,de sparta hazards,3.6436781609195403,3.7126436781609193,3.3777777777777778,0,4,1,0,1,5,0,0,0,0,,,3,4,3,4,,,0,0,1,1,5,1.0,0.0
2024-10-02,kern_hoog,241,omerta,2.6666666666666665,2.3333333333333335,2.3333333333333335,1,2,0,0,0,2,0,0,0,1,,,3,6,0,0,,,0,0,0,2,1,1.0,0.6616915422885572
2024-10-02,kern_hoog,242,omerta,2.6666666666666665,2.3333333333333335,2.3333333333333335,1,4,0,0,1,5,1,0,1,0,,,3,6,3,6,,,0,0,3,2,2,1.0,1.0
2024-10-02,kern_hoog,243,dansjeins,5.0,5.0,5.0,0,4,0,0,1,5,0,0,0,1,,,3,6,3,5,,,0,0,2,2,3,0.6616915422885572,0.0
2024-09-30,kern_hoog,244,freddy and the freggles,3.0,5.0,5.0,0,2,0,0,1,5,0,0,0,1,,,4,6,1,0,,,0,0,1,1,1,1.0,0.6616915422885572
2024-09-30,kern_hoog,245,freddy and the freggles,3.0,5.0,5.0,0,2,0,0,1,5,0,0,0,1,,,4,6,1,1,,,0,0,0,1,2,1.0,1.0
2024-09-30,kern_hoog,246,de graly's,2.0,5.0,3.4,1,4,0,0,1,2,0,1,0,0,,,4,6,2,6,,,0,0,4,1,3,0.6616915422885572,1.0
2024-09-27,kern_laag,247,dynamo deklat,3.6436781609195403,3.7126436781609193,3.3777777777777778,1,3,0,0,1,5,0,1,1,0,,,7,5,3,2,,,0,0,1,1,1,0.6616915422885572,0.6616915422885572
2024-09-27,kern_laag,248,de daltons,4.0,4.0,3.0,0,4,0,0,0,5,1,0,0,0,,,7,5,5,5,,,0,0,0,1,2,0.0,0.0
2024-09-26,kern_laag,249,harde kristas,3.0,3.0,3.0,1,2,0,0,1,2,0,0,0,1,,,6,4,2,2,,,0,0,0,1,1,0.6616915422885572,0.6616915422885572
2024-09-26,kern_laag,250,harde kristas,3.0,3.0,3.0,1,4,1,0,1,2,1,0,1,0,,,6,4,6,4,,,0,0,2,1,2,1.0,1.0
2024-09-25,kern_hoog,251,eija united,5.0,5.0,5.0,1,1,0,0,1,2,1,0,0,0,,,10,4,1,0,,,0,0,1,1,1,0.6616915422885572,0.6616915422885572
2024-09-25,kern_hoog,252,los galaticos,4.0,4.0,4.0,0,2,0,0,1,4,0,0,0,1,,,10,4,3,0,,,0,0,3,1,2,1.0,0.0
2024-09-25,kern_hoog,253,los galaticos,4.0,4.0,4.0,0,4,1,0,1,5,1,1,1,0,,,10,4,6,3,,,0,0,3,1,3,1.0,1.0
2024-09-25,kern_hoog,254,eija united,5.0,5.0,5.0,1,4,1,0,1,5,0,0,0,1,,,10,4,7,3,,,0,0,4,1,4,0.0,0.0
2024-09-25,kern_hoog,255,vv int mandje,5.0,3.0,3.0,0,1,1,0,1,5,0,1,0,0,,,0,10,0,0,,,0,0,0,1,1,1.0,0.6616915422885572
2024-09-25,kern_hoog,256,vv int mandje,5.0,3.0,3.0,0,2,0,1,1,5,0,0,0,1,,,0,10,0,2,,,0,0,2,1,2,0.0,0.0
2024-09-25,kern_hoog,257,vv int mandje,5.0,3.0,3.0,0,3,0,0,1,5,0,0,0,1,,,0,10,0,5,,,0,0,5,1,3,1.0,1.0
2024-09-25,kern_hoog,258,vv int mandje,5.0,3.0,3.0,0,4,1,0,1,5,0,0,0,1,,,0,10,0,9,,,0,0,9,1,4,1.0,1.0
2024-09-20,nationaal,259,geraardsbergen a,4.0,4.0,4.0,0,1,0,0,1,2,0,0,1,1,2,11,6,5,1,2,11.0,9,1,0,1,1,1,0.6616915422885572,0.6616915422885572
2024-09-20,nationaal,260,the oliver boys,5.0,5.0,4.0,1,3,0,1,1,2,0,0,0,1,2,11,6,5,2,2,2.0,9,0,1,0,1,2,0.6616915422885572,1.0
2024-09-20,nationaal,261,geraardsbergen a,4.0,4.0,4.0,0,3,0,0,1,2,0,0,0,1,2,11,6,5,5,3,11.0,9,1,0,2,1,3,1.0,1.0
2024-09-20,nationaal,262,geraardsbergen a,4.0,4.0,4.0,0,4,0,1,1,2,0,0,0,1,2,11,6,5,6,4,11.0,9,1,0,2,1,4,1.0,1.0
2024-09-19,kern_laag,263,team teheran,4.0,4.0,5.0,0,2,0,0,0,4,0,1,0,1,,,3,7,0,0,,,0,0,0,1,1,0.0,0.6616915422885572
2024-09-19,kern_laag,264,team teheran,4.0,4.0,5.0,0,3,0,0,0,5,0,0,0,1,,,3,7,1,2,,,0,0,1,1,2,1.0,1.0
2024-09-19,kern_laag,265,team teheran,4.0,4.0,5.0,0,4,0,0,0,5,0,0,0,1,,,3,7,1,4,,,0,0,3,1,3,1.0,1.0
2024-09-19,kern_laag,266,westrem city,5.0,5.0,5.0,0,1,0,0,0,6,0,1,1,0,,,2,9,1,1,,,0,0,0,1,1,0.6616915422885572,0.6616915422885572
2024-09-19,kern_laag,267,thomas cook sport,5.0,5.0,5.0,1,2,0,0,1,5,0,0,0,1,,,2,9,1,1,,,0,0,0,1,2,1.0,0.0
2024-09-18,kern_laag,268,fc kroket,4.0,4.0,4.0,0,3,1,0,0,5,0,0,0,1,,,3,10,1,7,,,0,0,6,1,1,1.0,0.6616915422885572
2024-09-18,kern_laag,269,forza de mario,4.0,4.0,4.0,1,4,0,0,1,5,0,1,1,0,,,3,10,2,10,,,0,0,8,1,2,0.6616915422885572,1.0
2024-09-17,kern_laag,270,the indoor warriors,3.0,3.0,3.0,0,3,0,0,1,4,0,1,1,0,,,9,6,4,3,,,0,0,1,1,1,0.6616915422885572,0.6616915422885572
2024-09-17,kern_laag,271,the lucianos,3.0,3.0,3.0,1,4,0,0,1,5,0,0,0,1,,,9,6,8,6,,,0,0,2,1,2,0.6616915422885572,0.0
2024-09-16,kern_hoog,272,de copains,3.888888888888889,3.6744186046511627,3.642857142857143,1,3,0,0,0,6,0,0,0,1,,,7,3,3,2,,,0,0,1,1,1,0.6616915422885572,0.6616915422885572
2024-09-16,kern_hoog,273,uustakker city,4.0,4.0,4.0,0,4,0,0,0,5,0,0,0,1,,,7,3,5,2,,,0,0,3,1,2,0.6616915422885572,1.0
2024-09-11,kern_hoog,274,girafkes,5.0,3.0,3.0,0,3,1,0,1,5,0,1,0,0,,,6,4,2,2,,,0,0,0,1,1,1.0,0.6616915422885572
2024-09-11,kern_laag,275,cercle sportif gent,5.0,3.0,3.0,0,3,1,0,1,5,0,0,0,0,,,4,5,2,2,,,0,0,0,1,1,1.0,0.6616915422885572
2024-09-11,kern_laag,276,cercle sportif gent,5.0,3.0,3.0,0,4,0,0,1,5,0,1,0,0,,,4,5,4,4,,,0,0,0,1,2,0.0,0.0
2024-09-11,kern_laag,277,ddt oke cars,3.6436781609195403,3.7126436781609193,3.3777777777777778,1,2,1,0,1,2,0,0,0,1,,,8,1,1,0,,,0,0,1,1,1,0.0,0.6616915422885572
2024-09-11,kern_laag,278,apres foot,3.6436781609195403,3.7126436781609193,1.0,0,3,1,0,1,2,0,0,0,1,,,8,1,4,0,,,0,0,4,1,2,0.0,1.0
2024-09-12,kern_laag,279,fc kroket,4.0,4.0,4.0,1,1,0,0,0,5,0,0,0,1,11,10,7,3,2,0,11.0,1,0,0,2,1,1,0.6616915422885572,0.6616915422885572
2024-09-12,kern_laag,280,thomas cook sport,5.0,5.0,5.0,0,2,0,0,1,5,0,0,0,1,11,10,7,3,4,0,10.0,1,0,0,4,1,2,1.0,1.0
2024-09-12,kern_laag,281,fc kroket,4.0,4.0,4.0,1,4,0,0,0,5,0,0,0,1,11,10,7,3,5,1,11.0,1,0,0,4,1,3,1.0,1.0
2024-10-12,kern_hoog,282,freddy and the freggles,3.6666666666666665,5.0,5.0,0,1,0,0,1,5,0,0,0,1,,,4,7,0,0,,,0,0,0,2,1,1.0,0.6616915422885572
2024-10-12,kern_hoog,283,dansjeins,4.5,4.5,4.5,1,2,0,0,1,4,0,1,1,0,,,4,7,0,4,,,0,0,4,2,2,1.0,1.0
2024-10-12,kern_laag,284,maptiko,3.6436781609195403,3.7126436781609193,3.3777777777777778,1,2,0,0,1,5,0,0,0,1,,,4,3,0,1,,,0,0,1,2,1,0.6616915422885572,0.6616915422885572
2024-10-12,kern_laag,285,great ball of fire,3.6436781609195403,3.7126436781609193,3.3777777777777778,0,2,0,1,0,5,0,0,0,1,,,4,3,1,1,,,0,0,0,2,2,1.0,1.0
2024-10-12,kern_laag,286,maptiko,3.6436781609195403,3.7126436781609193,3.3777777777777778,1,3,0,0,1,5,0,0,0,1,,,4,3,2,2,,,0,0,0,2,3,1.0,1.0
2024-09-05,kern_laag,287,bij boer jan,3.0,3.0,3.0,0,3,0,0,1,5,0,0,0,1,,,1,7,0,3,,,0,0,3,1,1,0.0,0.6616915422885572
2024-09-05,kern_laag,288,abicor samba,3.6436781609195403,3.7126436781609193,3.3777777777777778,0,2,1,0,1,4,0,0,0,1,,,8,5,1,0,,,0,0,1,1,1,0.6616915422885572,0.6616915422885572
2024-09-05,kern_laag,289,ecp united,5.0,4.4,3.2,1,3,0,0,1,4,0,0,0,1,,,8,5,4,2,,,0,0,2,1,2,1.0,1.0
2024-09-05,kern_laag,290,abicor samba,3.6436781609195403,3.7126436781609193,3.3777777777777778,0,2,1,0,1,4,0,0,0,1,,,8,5,5,2,,,0,0,3,1,3,1.0,1.0
2024-09-05,kern_laag,291,rsc prammen,2.0,1.0,2.0,1,4,0,0,1,2,1,0,0,0,,,1,1,0,1,,,0,0,1,1,1,0.6616915422885572,0.6616915422885572
2024-09-04,kern_hoog,292,jong bavegem,3.0,4.0,4.0,1,1,0,0,1,2,0,0,0,0,,,3,2,0,0,,,0,0,0,1,1,0.6616915422885572,0.6616915422885572
2024-09-04,kern_hoog,293,mini melsen,3.0,5.0,2.0,0,2,0,0,1,2,0,0,0,1,,,3,2,0,0,,,0,0,0,1,2,0.0,0.0
2024-09-04,kern_hoog,294,jong bavegem,3.0,4.0,4.0,1,3,0,0,1,2,0,0,0,1,,,3,2,0,1,,,0,0,1,1,3,0.0,1.0
2024-09-04,kern_hoog,295,mini melsen,3.0,5.0,2.0,0,4,0,0,1,2,0,0,0,1,,,3,2,3,1,,,0,0,2,1,4,1.0,1.0
2024-09-04,kern_hoog,296,vv int mandje,5.0,4.2,4.2,1,1,0,0,1,2,1,0,0,0,,,4,3,1,0,,,0,0,1,1,1,0.0,0.6616915422885572
2024-09-04,kern_hoog,297,vv int mandje,5.0,4.2,4.2,1,2,0,1,1,2,1,0,0,0,,,4,3,2,1,,,0,0,1,1,2,0.0,0.0
2024-09-04,kern_hoog,298,vv int mandje,5.0,4.2,4.2,1,3,0,0,1,2,0,0,0,1,,,4,3,2,2,,,0,0,0,1,3,0.0,0.0
2024-09-04,kern_hoog,299,vv int mandje,5.0,4.2,4.2,1,4,0,0,1,2,0,0,0,1,,,4,3,3,3,,,0,0,0,1,4,1.0,1.0
2024-09-04,kern_laag,300,mvc absolut,3.6436781609195403,3.7126436781609193,3.3777777777777778,1,2,0,0,1,5,0,0,0,1,,,8,9,1,4,,,0,0,3,1,1,0.6616915422885572,0.6616915422885572
2024-09-04,kern_laag,301,ddt oke cars,3.6436781609195403,3.7126436781609193,3.3777777777777778,0,2,0,0,1,2,1,1,1,0,,,8,9,2,4,,,0,0,2,1,2,0.6616915422885572,1.0
2024-09-04,kern_laag,302,mvc absolut,3.6436781609195403,3.7126436781609193,3.3777777777777778,1,3,0,0,1,5,0,0,0,1,,,8,9,3,5,,,0,0,2,1,3,1.0,0.0
2024-09-02,kern_laag,303,partena,3.0,4.0,3.0,1,1,0,0,0,5,0,0,0,1,,,10,2,1,0,,,0,0,1,1,1,0.6616915422885572,0.6616915422885572
2024-09-02,kern_laag,304,partena,3.0,4.0,3.0,1,2,0,0,0,5,0,0,0,1,,,10,2,3,0,,,0,0,3,1,2,1.0,1.0
2024-09-02,kern_laag,305,fc esperadora,4.0,5.0,5.0,0,3,0,0,1,5,0,0,0,0,,,10,2,7,0,,,0,0,7,1,3,0.6616915422885572,1.0
2024-09-02,kern_laag,306,galatasaray ledeberg,5.0,5.0,5.0,0,3,0,0,1,4,0,1,1,0,,,3,0,2,0,,,0,0,2,1,1,0.6616915422885572,0.6616915422885572
2024-09-02,kern_laag,307,thomas cook sport,5.0,5.0,5.0,1,4,0,0,0,5,0,0,1,1,,,3,0,2,0,,,0,0,2,1,2,0.6616915422885572,0.0
2024-09-02,kern_laag,308,galatasaray ledeberg,5.0,5.0,5.0,0,4,0,0,0,5,0,1,1,0,,,3,0,3,0,,,0,0,3,1,3,0.0,1.0
2024-09-02,kern_hoog,309,freddy and the freggles,5.0,5.0,5.0,1,3,1,0,1,5,0,0,0,1,,,6,8,3,4,,,0,0,1,1,1,0.6616915422885572,0.6616915422885572
2024-09-02,kern_laag,310,apres foot,3.6436781609195403,3.7126436781609193,1.0,1,3,1,0,1,2,0,0,0,0,,,7,7,3,4,,,0,0,1,1,1,1.0,0.6616915422885572
2024-09-02,kern_laag,311,apres foot,3.6436781609195403,3.7126436781609193,1.0,1,4,0,0,1,2,1,0,0,0,,,7,7,3,4,,,0,0,1,1,2,0.0,0.0
2024-09-02,kern_laag,312,ojoo,4.0,4.0,5.0,0,4,0,0,1,2,0,0,0,1,,,7,7,6,6,,,0,0,0,1,3,1.0,0.0
2024-09-02,kern_laag,313,kunsthal united,4.0,5.0,5.0,1,2,0,0,1,5,0,0,0,1,,,8,11,1,1,,,0,0,0,1,1,0.6616915422885572,0.6616915422885572
2024-09-02,kern_laag,314,brasserie ha,5.0,5.0,5.0,0,2,0,0,0,5,0,0,0,1,,,8,11,2,3,,,0,0,1,1,2,0.6616915422885572,1.0
2024-09-02,kern_laag,315,kunsthal united,4.0,5.0,5.0,1,3,0,0,1,5,0,0,0,1,,,8,11,6,5,,,0,0,1,1,3,1.0,1.0
2024-09-02,kern_hoog,316,boca juniors,5.0,5.0,5.0,1,2,0,0,1,5,0,0,0,1,,,5,6,1,4,,,0,0,3,1,1,1.0,0.6616915422885572
2024-09-06,nationaal,317,team django gent,5.0,5.0,5.0,1,2,0,0,1,2,0,0,0,1,,,15,2,7,0,,,0,0,7,1,1,0.6616915422885572,0.6616915422885572
2024-09-06,nationaal,318,team django gent,5.0,5.0,5.0,1,4,0,0,1,2,0,0,0,1,,,15,2,10,1,,,0,0,9,1,2,1.0,1.0
2024-09-06,nationaal,319,the oliver boys b,5.0,5.0,5.0,0,4,0,0,1,2,0,0,0,1,,,15,2,15,1,,,0,0,14,1,3,0.6616915422885572,1.0
2024-08-29,kern_laag,320,de pallieterkes,4.0,4.0,4.0,0,2,0,0,0,5,0,0,1,1,,,3,8,0,2,,,0,0,2,1,1,0.6616915422885572,0.6616915422885572
2024-08-29,kern_laag,321,holy cow chocolate,3.6436781609195403,3.7126436781609193,3.3777777777777778,1,4,0,0,1,5,0,0,0,1,,,3,8,2,7,,,0,0,5,1,2,0.6616915422885572,1.0
2024-08-29,kern_laag,322,de pallieterkes,4.0,4.0,4.0,0,4,0,0,0,5,0,0,0,1,,,3,8,3,7,,,0,0,4,1,3,1.0,1.0
2024-08-29,kern_laag,323,tuschen eddy,3.6436781609195403,3.7126436781609193,3.3777777777777778,0,2,0,0,0,1,0,0,0,1,,,7,7,2,1,,,0,0,1,1,1,0.6616915422885572,0.6616915422885572
2024-08-29,kern_laag,324,tempeliers,3.6436781609195403,3.7126436781609193,3.3777777777777778,1,2,0,1,1,5,0,0,0,0,,,7,7,2,2,,,0,0,0,1,2,0.6616915422885572,1.0
2024-08-29,kern_laag,325,tuschen eddy,3.6436781609195403,3.7126436781609193,3.3777777777777778,0,4,0,0,0,5,0,0,0,1,,,7,7,7,6,,,0,0,1,1,3,1.0,0.0
2024-08-29,kern_laag,326,mvc recubela,3.7572254335260116,3.7167630057803467,3.485549132947977,1,4,0,0,1,2,0,1,1,0,,,3,4,3,3,,,0,0,0,1,1,0.6616915422885572,0.6616915422885572
2024-08-29,kern_laag,327,yvaantje,3.7572254335260116,3.7167630057803467,3.485549132947977,0,4,0,0,1,2,0,0,0,1,,,3,4,3,3,,,0,0,0,1,2,0.6616915422885572,0.0
2024-08-29,kern_laag,328,den atelier,3.6436781609195403,3.7126436781609193,3.3777777777777778,1,3,0,1,1,5,0,1,1,0,,,8,2,3,1,,,0,0,2,1,1,0.6616915422885572,0.6616915422885572
2024-08-29,kern_laag,329,ac turbo,3.6436781609195403,3.7126436781609193,3.3777777777777778,0,4,0,0,0,2,0,0,0,1,,,8,2,7,1,,,0,0,6,1,2,0.6616915422885572,0.0
2024-08-28,kern_laag,330,fc spitbulls,1.0,1.0,1.0,1,2,1,0,1,2,1,1,0,0,,,6,1,3,1,,,0,0,2,1,1,0.6616915422885572,0.6616915422885572
2024-08-27,kern_laag,331,atletico rabona,4.0,4.0,3.0,1,3,0,1,1,5,0,0,0,1,,,4,2,3,1,,,0,0,2,1,1,0.6616915422885572,0.6616915422885572
2024-08-27,kern_laag,332,de daltons,4.0,4.0,3.0,0,4,0,0,1,5,0,1,1,0,,,4,2,4,1,,,0,0,3,1,2,0.6616915422885572,1.0
2024-08-27,kern_laag,333,rip,1.0,5.0,1.0,1,1,0,0,1,5,0,0,0,1,,,7,5,1,1,,,0,0,0,1,1,0.6616915422885572,0.6616915422885572
2024-08-27,kern_laag,334,de leeuwen,5.0,5.0,5.0,0,4,1,0,1,4,0,0,0,1,,,7,5,5,3,,,0,0,2,1,2,0.6616915422885572,1.0
2024-08-27,kern_laag,335,del bekos,5.0,4.0,2.0,1,3,0,0,1,5,0,0,0,0,,,7,3,4,2,,,0,0,2,1,1,0.6616915422885572,0.6616915422885572
2024-08-28,kern_hoog,336,gent meeting,4.0,4.0,4.0,0,2,0,0,1,5,0,0,0,1,,,2,4,1,1,,,0,0,0,1,1,0.6616915422885572,0.6616915422885572
2024-08-28,kern_hoog,337,mini melsen,4.0,4.0,2.0,1,3,1,0,1,2,0,0,0,0,,,2,4,1,2,,,0,0,1,1,2,0.6616915422885572,1.0
2024-08-26,kern_laag,338,mvc porte fortuna,3.0,3.0,3.0,1,2,0,0,1,2,1,0,0,1,,,6,8,0,0,,,0,0,0,1,1,0.6616915422885572,0.6616915422885572
2024-08-26,kern_laag,339,elemax bvba,4.0,4.0,4.0,0,2,0,0,1,1,0,0,0,1,,,6,8,1,0,,,0,0,1,1,2,0.6616915422885572,1.0
2024-08-26,kern_laag,340,mvc porte fortuna,3.0,3.0,3.0,1,3,0,0,1,2,0,0,0,1,,,6,8,1,1,,,0,0,0,1,3,1.0,1.0
2024-08-26,kern_laag,341,elemax bvba,4.0,4.0,4.0,0,4,0,0,1,5,0,0,0,1,,,6,8,2,1,,,0,0,1,1,4,1.0,1.0
2024-08-26,kern_hoog,342,girafkes,5.0,3.0,3.0,1,1,1,0,1,4,0,0,0,1,,,11,6,2,1,,,0,0,1,1,1,0.6616915422885572,0.6616915422885572
2024-08-26,kern_hoog,343,girafkes,5.0,3.0,3.0,1,2,0,0,1,5,0,0,0,1,,,11,6,5,2,,,0,0,3,1,2,1.0,1.0
2024-08-26,kern_hoog,344,vv int mandje,5.0,5.0,5.0,0,3,0,0,1,1,0,1,1,0,,,11,6,7,3,,,0,0,4,1,3,0.6616915422885572,1.0
2024-08-26,kern_hoog,345,vv int mandje,5.0,5.0,5.0,0,3,0,1,1,2,0,0,0,1,,,11,6,8,3,,,0,0,5,1,4,0.0,0.0
2024-08-26,kern_hoog,346,vv int mandje,5.0,5.0,5.0,0,4,0,0,1,2,0,0,0,1,,,11,6,9,4,,,0,0,5,1,5,1.0,1.0
2024-08-26,kern_hoog,347,vv int mandje,5.0,5.0,5.0,0,4,0,0,1,2,1,0,1,0,,,11,6,10,6,,,0,0,4,1,6,1.0,1.0
2024-12-16,kern_laag,348,tengstar,5.0,4.0,4.0,1,1,0,0,1,5,0,0,0,0,1,2,2,5,0,0,1.0,1,0,1,0,3,1,0.6616915422885572,0.6616915422885572
2024-12-16,kern_laag,349,marathon,4.0,4.0,4.0,0,2,1,0,1,5,0,0,0,1,1,2,2,5,1,0,2.0,1,0,1,1,3,2,0.0,0.0
2024-12-16,kern_laag,350,tengstar,5.0,4.0,4.0,1,3,1,0,1,4,0,1,1,0,1,2,2,5,1,3,1.0,1,0,1,2,3,3,0.0,1.0
2024-12-16,kern_laag,351,marathon,4.0,4.0,4.0,0,4,1,0,1,5,0,0,0,1,1,2,2,5,1,4,2.0,1,0,1,3,3,4,1.0,0.0
2024-12-06,nationaal,352,maldegem,5.0,5.0,5.0,1,2,0,1,1,5,0,0,0,1,3,9,8,0,0,0,3.0,6,0,1,0,3,1,1.0,0.6616915422885572
2024-12-06,nationaal,353,maldegem,5.0,5.0,5.0,1,3,0,0,1,5,0,0,0,1,3,9,8,0,2,0,3.0,6,0,1,2,3,2,1.0,1.0
2024-12-06,nationaal,354,the oliver boys,5.0,5.0,5.0,0,4,0,0,1,5,0,1,1,0,3,9,8,0,5,0,9.0,6,0,0,5,3,3,1.0,1.0
2024-12-13,nationaal,355,the oliver boys,5.0,5.0,5.0,1,2,0,0,1,5,0,0,0,1,9,10,7,3,2,2,9.0,1,0,0,0,3,1,1.0,0.6616915422885572
2024-12-13,nationaal,356,mini sint gillis waas,5.0,5.0,5.0,0,3,0,0,1,5,0,0,0,1,9,10,7,3,3,2,10.0,1,0,0,1,3,2,0.6616915422885572,1.0
2024-12-13,nationaal,357,the oliver boys,5.0,5.0,5.0,1,3,0,0,1,5,0,0,0,1,9,10,7,3,3,3,9.0,1,0,0,0,3,3,1.0,1.0
2024-12-13,nationaal,358,the oliver boys,5.0,5.0,5.0,1,4,0,0,1,5,0,0,0,1,9,10,7,3,5,3,9.0,1,0,0,2,3,4,1.0,1.0
2024-12-06,nationaal,359,maldegem b,4.0,4.0,4.0,1,2,0,0,1,5,0,0,0,1,9,8,4,6,2,1,9.0,1,0,0,1,3,1,0.6616915422885572,0.6616915422885572
2024-12-06,nationaal,360,the oliver boys,5.0,5.0,5.0,0,3,0,0,1,5,0,0,0,1,9,8,4,6,3,1,8.0,1,0,0,2,3,2,0.0,1.0
2024-12-06,nationaal,361,maldegem b,4.0,4.0,4.0,1,4,0,0,1,5,0,0,0,1,9,8,4,6,3,3,9.0,1,0,0,0,3,3,1.0,1.0
2024-12-13,nationaal,362,the oliver boys b,5.0,5.0,5.0,1,3,0,0,1,5,0,1,1,0,7,1,11,8,4,4,7.0,6,0,0,0,3,1,1.0,0.6616915422885572
2024-12-13,nationaal,363,mvc de tempeliers zelzate,4.0,4.0,4.0,1,3,0,0,1,5,0,0,0,1,7,1,11,8,4,4,7.0,6,0,0,0,3,2,0.6616915422885572,0.0
2025-01-10,nationaal,364,kbc goethals/desmer,4.0,4.0,4.0,0,3,0,0,1,5,0,1,1,0,4,9,7,5,2,4,9.0,5,0,0,2,3,1,0.6616915422885572,0.6616915422885572
2025-01-10,nationaal,365,the oliver boys b,5.0,5.0,5.0,1,3,0,0,1,5,0,0,0,1,4,9,7,5,2,4,4.0,5,0,0,2,3,2,0.0,0.0
2025-01-10,nationaal,366,the oliver boys b,5.0,5.0,5.0,1,4,0,0,1,5,0,0,0,1,4,9,7,5,5,4,4.0,5,0,0,1,3,3,1.0,1.0
2025-01-10,nationaal,367,the oliver boys,5.0,5.0,5.0,1,2,0,1,1,5,0,1,1,0,8,9,8,5,1,2,8.0,1,0,0,1,3,1,1.0,0.6616915422885572
2025-01-10,nationaal,368,puskas ardooie,5.0,5.0,5.0,0,3,0,0,1,5,0,0,0,1,8,9,8,5,2,3,9.0,1,0,0,1,3,2,0.6616915422885572,0.0
2025-01-10,nationaal,369,the oliver boys,5.0,5.0,5.0,1,4,0,0,1,5,0,0,0,1,8,9,8,5,4,4,8.0,1,0,0,0,3,3,0.0,1.0
2024-12-18,kern_laag,370,mvc mogelijks,5.0,5.0,5.0,1,1,1,0,0,6,0,0,0,1,1,9,9,3,0,0,1.0,8,0,1,0,3,1,1.0,0.6616915422885572
2024-12-18,kern_laag,371,mvc mogelijks,5.0,5.0,5.0,1,2,0,0,0,6,0,1,1,0,1,9,9,3,4,1,1.0,8,0,1,3,3,2,1.0,1.0
2024-12-19,kern_hoog,372,spectex,3.888888888888889,3.6744186046511627,3.642857142857143,1,3,0,0,1,5,0,0,0,1,8,12,3,7,2,3,8.0,4,0,0,1,3,1,1.0,0.6616915422885572
2024-12-19,kern_laag,373,thomas cook sport,5.0,5.0,5.0,0,2,0,0,1,5,0,0,0,1,12,5,4,11,0,4,5.0,7,0,0,4,3,1,1.0,0.6616915422885572
2024-12-19,kern_laag,374,lokomotiv sportif,5.0,5.0,5.0,1,4,0,0,0,4,0,0,0,1,12,5,4,11,3,11,12.0,7,0,0,8,3,2,0.6616915422885572,1.0
2024-10-07,kern_hoog,375,vk formans,5.0,5.0,5.0,1,1,0,1,1,2,0,0,0,1,2,11,7,3,2,0,2.0,9,0,1,2,2,1,1.0,0.6616915422885572
2024-10-07,kern_hoog,376,bacco senior,4.269230769230769,4.230769230769231,3.8846153846153846,0,3,0,0,1,2,0,0,0,1,2,11,7,3,6,0,11.0,9,0,0,6,2,2,0.6616915422885572,1.0
2024-10-04,nationaal,377,kortemark,4.0,4.0,4.0,0,3,0,0,1,2,0,0,0,1,6,5,5,6,2,2,5.0,1,0,0,0,2,1,0.6616915422885572,0.6616915422885572
2024-10-04,nationaal,378,the oliver boys,5.0,5.0,5.0,1,4,0,0,1,2,0,0,0,1,6,5,5,6,3,4,6.0,1,0,0,1,2,2,1.0,1.0
2024-10-04,nationaal,379,kortemark,4.0,4.0,4.0,0,4,0,0,1,2,0,0,0,1,6,5,5,6,4,4,5.0,1,0,0,0,2,3,1.0,1.0
2024-10-07,kern_laag,380,mvc art nivo,4.0,3.0,1.0,1,2,0,1,1,5,0,0,1,1,12,3,3,10,0,0,12.0,9,0,0,0,2,1,0.0,0.6616915422885572
2024-10-07,kern_laag,381,mvc art nivo,4.0,3.0,1.0,1,4,0,1,1,5,1,0,1,0,12,3,3,10,2,8,12.0,9,0,0,6,2,2,1.0,1.0
2024-10-07,kern_laag,382,de chipkes,3.6436781609195403,3.7126436781609193,3.3777777777777778,0,4,0,0,1,5,0,0,0,1,12,3,3,10,3,9,3.0,9,0,1,6,2,3,0.6616915422885572,0.0
2024-09-23,kern_hoog,383,vk formans,4.0,4.0,4.0,1,2,0,1,1,5,0,0,0,1,2,10,6,3,0,0,2.0,8,0,1,0,1,1,0.6616915422885572,0.6616915422885572
2024-09-23,kern_hoog,384,jong bavegem,2.3333333333333335,4.0,3.6666666666666665,0,3,1,0,1,5,0,0,0,1,2,10,6,3,2,0,10.0,8,0,0,2,1,2,1.0,1.0
2024-09-24,kern_laag,385,thomas cook sport,5.0,5.0,5.0,1,3,0,0,1,5,0,1,1,1,,,3,2,1,1,,,0,0,0,1,1,1.0,0.6616915422885572
2024-09-24,kern_laag,386,thomas cook sport,5.0,5.0,5.0,1,3,0,0,0,6,1,1,1,0,,,3,2,2,1,,,0,0,1,1,2,1.0,1.0
2024-09-24,kern_laag,387,forza de mario,5.0,5.0,5.0,0,4,0,0,1,4,1,1,1,0,,,3,2,2,2,,,0,0,0,1,3,0.0,0.0
2024-10-09,kern_hoog,388,mini melsen,3.3333333333333335,4.666666666666667,2.0,1,2,0,0,1,2,0,0,0,1,15,7,2,10,1,3,15.0,8,1,0,2,2,1,1.0,0.6616915422885572
2024-10-09,kern_hoog,389,mvc doeffinge,1.0,3.0,3.0,0,3,1,0,0,5,0,1,1,0,15,7,2,10,2,4,7.0,8,0,0,2,2,2,0.6616915422885572,1.0
2024-10-09,kern_hoog,390,mvc haeseveld,4.0,4.0,4.0,1,3,0,0,0,5,0,0,0,1,2,14,6,6,3,2,2.0,12,0,1,1,2,1,0.6616915422885572,0.6616915422885572
2024-10-09,kern_hoog,391,omerta,2.0,2.0,2.0,0,4,0,0,1,3,1,0,1,0,2,14,6,6,4,3,14.0,12,1,0,1,2,2,0.0,1.0
2024-10-09,kern_hoog,392,omerta,2.0,2.0,2.0,0,4,0,0,0,1,0,1,1,0,2,14,6,6,6,5,14.0,12,1,0,1,2,3,0.0,0.0
2024-10-11,nationaal,393,tachttal,4.028235294117647,4.002364066193853,3.8094117647058825,1,2,0,0,1,2,0,0,0,0,13,7,2,2,0,2,13.0,6,0,0,2,2,1,0.6616915422885572,0.6616915422885572
2024-10-11,nationaal,394,9k legends,4.028235294117647,4.002364066193853,3.8094117647058825,0,2,0,0,1,2,1,0,0,0,13,7,2,2,0,2,7.0,6,0,0,2,2,2,0.6616915422885572,0.0
2024-10-11,nationaal,395,tachttal,4.028235294117647,4.002364066193853,3.8094117647058825,1,3,0,0,1,2,0,0,0,1,13,7,2,2,1,2,13.0,6,0,0,1,2,3,0.0,0.0
2024-10-11,nationaal,396,9k legends,4.028235294117647,4.002364066193853,3.8094117647058825,0,3,0,0,1,1,0,1,1,0,13,7,2,2,2,2,7.0,6,0,0,0,2,4,0.0,1.0
2024-10-12,nationaal,397,drongen c,4.0,4.0,4.0,0,2,1,0,1,2,0,1,1,0,9,10,6,4,2,0,10.0,1,0,0,2,2,1,0.6616915422885572,0.6616915422885572
2024-10-12,nationaal,398,the oliver boys b,5.0,5.0,5.0,1,3,0,0,1,2,0,0,0,1,9,10,6,4,3,2,9.0,1,0,0,1,2,2,1.0,0.0
2024-10-18,nationaal,399,drongen,5.0,5.0,5.0,0,1,0,0,1,2,0,0,0,1,8,5,4,6,0,0,5.0,3,0,0,0,2,1,0.6616915422885572,0.6616915422885572
2024-10-18,nationaal,400,the oliver boys,5.0,5.0,5.0,1,3,0,1,1,2,0,0,0,1,8,5,4,6,1,2,8.0,3,0,0,1,2,2,1.0,1.0
2024-10-18,nationaal,401,drongen,5.0,5.0,5.0,0,4,0,0,1,2,0,0,0,1,8,5,4,6,3,2,5.0,3,0,0,1,2,3,1.0,1.0
2024-10-18,nationaal,402,the oliver boys,5.0,5.0,5.0,1,4,0,0,1,2,0,0,0,1,8,5,4,6,3,6,8.0,3,0,0,3,2,4,1.0,1.0
2024-10-16,kern_hoog,403,vv int mandje,5.0,4.2,4.2,1,2,0,0,1,5,0,0,0,1,1,2,5,5,2,0,1.0,1,0,1,2,2,1,1.0,0.6616915422885572
2024-10-16,kern_hoog,404,vk formans,4.5,4.5,4.5,0,3,0,0,1,2,0,0,0,1,1,2,5,5,3,1,2.0,1,0,1,2,2,2,1.0,1.0
2024-10-17,kern_laag,405,ecp united,5.0,4.0,2.0,1,1,0,0,1,2,1,0,0,0,1,8,6,3,0,1,1.0,7,0,1,1,2,1,0.0,0.6616915422885572
2024-10-17,kern_laag,406,ecp united,5.0,4.0,2.0,1,2,0,0,1,2,0,0,0,1,1,8,6,3,1,1,1.0,7,0,1,0,2,2,0.0,0.0
2024-10-17,kern_laag,407,ecp united,5.0,4.0,2.0,1,3,0,0,1,2,0,0,0,1,1,8,6,3,3,2,1.0,7,0,1,1,2,3,1.0,1.0
2024-10-17,kern_laag,408,union maptiko,3.6436781609195403,3.7126436781609193,3.3777777777777778,0,2,0,0,0,5,0,0,0,1,3,2,5,2,2,0,2.0,1,0,1,2,2,1,0.6616915422885572,0.6616915422885572
2024-10-17,kern_laag,409,dynamo kopman,3.6436781609195403,3.7126436781609193,3.3777777777777778,1,3,0,1,0,2,1,0,0,0,3,2,5,2,2,1,3.0,1,0,1,1,2,2,0.6616915422885572,1.0
2024-10-22,kern_laag,410,thomas cook sport,5.0,5.0,5.0,1,2,0,0,1,4,0,1,1,0,3,12,3,7,2,0,3.0,9,0,1,2,2,1,0.0,0.6616915422885572
2024-10-22,kern_laag,411,paradijsvogels,5.0,5.0,5.0,0,3,0,0,1,4,0,1,1,0,3,12,3,7,2,2,12.0,9,0,0,0,2,2,0.6616915422885572,0.0
2024-10-22,kern_laag,412,thomas cook sport,5.0,5.0,5.0,1,4,0,0,1,4,0,0,0,0,3,12,3,7,2,4,3.0,9,0,1,2,2,3,0.0,0.0
2024-10-29,kern_laag,413,red star ghent,5.0,5.0,5.0,1,2,0,0,1,5,1,0,0,0,6,7,9,5,0,1,6.0,1,0,0,1,2,1,0.6616915422885572,0.6616915422885572
2024-10-29,kern_laag,414,thomas cook sport,5.0,5.0,5.0,0,3,0,0,1,5,0,0,0,1,6,7,9,5,1,3,7.0,1,0,0,2,2,2,0.0,0.0
2024-10-30,kern_laag,415,atom solar,3.0,4.0,3.0,0,2,0,0,1,5,0,0,0,1,13,10,4,6,3,1,10.0,3,0,0,2,2,1,1.0,0.6616915422885572
2024-10-30,kern_laag,416,holy cow chocolate,3.6436781609195403,3.7126436781609193,3.3777777777777778,1,3,1,0,1,5,0,1,1,0,13,10,4,6,4,3,13.0,3,0,0,1,2,2,1.0,1.0
2024-10-30,kern_laag,417,atom solar,3.0,4.0,3.0,0,4,0,0,1,5,0,0,0,1,13,10,4,6,4,4,10.0,3,0,0,0,2,3,1.0,0.0
2024-10-31,kern_laag,418,harde kristas,5.0,5.0,5.0,1,1,0,0,1,5,0,0,0,1,3,2,1,6,0,0,3.0,1,0,1,0,2,1,0.0,0.6616915422885572
2024-11-13,kern_hoog,419,vv int mandje,5.0,4.2,4.2,1,4,0,0,1,5,0,0,0,0,1,5,10,3,10,3,1.0,4,0,1,7,2,1,1.0,0.6616915422885572
2024-11-13,kern_hoog,420,jong bavegem,1.0,4.0,3.0,0,4,0,1,1,5,0,1,1,0,1,5,10,3,10,3,5.0,4,0,0,7,2,2,1.0,0.0
2024-11-14,kern_laag,421,fc kroket,4.0,4.0,4.0,0,3,0,0,1,5,1,1,0,0,3,7,5,3,3,2,7.0,4,0,0,1,2,1,1.0,0.6616915422885572
2024-11-19,kern_laag,422,harde kristas,5.0,5.0,5.0,0,2,0,0,1,5,1,0,0,0,3,5,3,4,1,1,5.0,2,0,0,0,2,1,1.0,0.6616915422885572
2024-11-19,kern_laag,423,thomas cook sport,5.0,5.0,5.0,1,4,0,0,1,5,0,0,0,1,3,5,3,4,2,2,3.0,2,0,1,0,2,2,1.0,0.0
2024-11-19,kern_laag,424,harde kristas,5.0,5.0,5.0,0,4,0,0,1,5,0,0,0,1,3,5,3,4,3,3,5.0,2,0,0,0,2,3,0.0,1.0
2024-11-22,nationaal,425,the oliver boys,5.0,5.0,5.0,1,1,0,0,1,5,0,0,0,1,9,1,8,8,1,3,9.0,8,0,0,2,2,1,1.0,0.6616915422885572
2024-11-22,nationaal,426,doltcini erwetegm a,5.0,5.0,5.0,0,2,0,0,1,5,0,1,0,0,9,1,8,8,3,3,1.0,8,0,1,0,2,2,0.6616915422885572,1.0
2024-11-22,nationaal,427,doltcini erwetegm a,5.0,5.0,5.0,0,4,0,0,1,5,0,0,0,1,9,1,8,8,8,6,1.0,8,0,1,2,2,3,0.0,0.0
2024-11-19,kern_hoog,428,de graly's,4.0,3.0,4.0,1,2,0,1,1,5,0,1,1,0,6,8,5,5,1,0,6.0,2,0,0,1,2,1,0.0,0.6616915422885572
2024-11-19,kern_hoog,429,dansjeins,4.0,4.0,4.0,0,2,0,1,0,5,0,0,0,1,6,8,5,5,1,0,8.0,2,0,0,1,2,2,0.0,0.0
2024-11-29,nationaal,430,san siro boys deftinge a,4.0,4.0,4.0,0,3,0,0,1,5,0,1,0,1,9,6,2,4,1,3,6.0,3,0,0,2,2,1,0.6616915422885572,0.6616915422885572
2024-11-29,nationaal,431,the oliver boys,5.0,5.0,5.0,1,4,0,0,1,5,0,0,0,1,9,6,2,4,1,4,9.0,3,0,0,3,2,2,1.0,1.0
2024-12-05,kern_laag,432,mp trois,3.0,3.0,2.0,1,3,0,0,1,1,0,0,0,1,8,5,6,10,1,4,8.0,3,0,0,3,3,1,0.6616915422885572,0.6616915422885572
2024-12-05,kern_laag,433,de daltons,4.0,4.0,3.0,0,4,0,0,1,2,1,0,0,1,8,5,6,10,4,7,5.0,3,0,0,3,3,2,0.0,1.0
2024-12-05,kern_laag,434,mp trois,3.0,3.0,2.0,1,4,0,0,1,5,0,0,0,1,8,5,6,10,5,8,8.0,3,0,0,3,3,3,1.0,1.0
2024-12-06,kern_laag,435,black adders,3.0,2.0,2.0,0,2,0,0,0,2,0,1,1,0,6,7,4,1,0,0,7.0,1,0,0,0,3,1,0.6616915422885572,0.6616915422885572
2024-12-06,kern_laag,436,zwarte gat,3.0,3.0,3.0,1,3,0,0,1,2,0,1,1,0,6,7,4,1,1,0,6.0,1,0,0,1,3,2,0.6616915422885572,0.0
2024-12-06,kern_laag,437,black adders,3.0,2.0,2.0,0,4,0,0,0,5,0,0,0,0,6,7,4,1,4,1,7.0,1,0,0,3,3,3,0.0,0.0
2024-12-12,kern_hoog,438,spectex,3.888888888888889,3.6744186046511627,3.642857142857143,0,1,1,0,1,5,0,0,0,1,14,11,3,10,0,2,11.0,3,0,0,2,3,1,0.6616915422885572,0.6616915422885572
2024-12-12,kern_hoog,439,vvks sint lieven,3.888888888888889,3.6744186046511627,3.642857142857143,1,2,0,0,1,2,0,0,0,1,14,11,3,10,0,4,14.0,3,1,0,4,3,2,0.6616915422885572,1.0
2024-12-12,kern_hoog,440,spectex,3.888888888888889,3.6744186046511627,3.642857142857143,0,2,0,0,1,5,0,1,1,1,14,11,3,10,1,4,11.0,3,0,0,3,3,3,1.0,1.0
2024-12-12,kern_hoog,441,vvks sint lieven,3.888888888888889,3.6744186046511627,3.642857142857143,1,3,0,0,1,5,0,1,1,0,14,11,3,10,3,8,14.0,3,1,0,5,3,4,1.0,1.0
2024-12-12,kern_hoog,442,spectex,3.888888888888889,3.6744186046511627,3.642857142857143,0,4,1,0,1,5,0,1,0,1,14,11,3,10,3,9,11.0,3,0,0,6,3,5,1.0,0.0
2024-12-12,kern_laag,443,ol√© ol√©,2.0,2.0,1.0,1,3,0,0,1,4,0,0,1,0,8,12,4,2,3,1,8.0,4,0,0,2,3,1,0.6616915422885572,0.6616915422885572
2025-01-27,kern_laag,444,marathon,4.0,4.0,4.0,0,2,0,0,1,5,0,0,0,0,4,1,2,11,0,2,1.0,3,0,1,2,3,1,0.0,0.6616915422885572
2025-01-27,kern_laag,445,marathon,4.0,4.0,4.0,0,4,0,0,1,5,0,1,0,0,4,1,2,11,1,11,1.0,3,0,1,10,3,2,0.0,0.0
2025-01-27,kern_laag,446,fc swavey,5.0,5.0,5.0,1,4,0,0,1,5,0,0,0,1,4,1,2,11,1,11,4.0,3,0,0,10,3,3,1.0,0.0
2025-01-13,kern_laag,447,marathon,4.0,4.0,4.0,1,1,0,0,1,5,0,0,0,1,1,7,4,4,0,0,1.0,6,0,1,0,3,1,1.0,0.6616915422885572
2025-01-13,kern_laag,448,marathon,4.0,4.0,4.0,1,3,1,0,1,5,0,0,0,0,1,7,4,4,4,1,1.0,6,0,1,3,3,2,1.0,1.0
2025-01-13,kern_laag,449,mooi en medogeloos,5.0,5.0,5.0,0,4,0,0,1,5,0,0,0,1,1,7,4,4,4,2,7.0,6,0,0,2,3,3,0.6616915422885572,0.0
2025-02-10,kern_laag,450,marathon,3.0,4.0,3.0,1,1,1,0,1,5,0,0,0,1,1,7,9,1,1,0,1.0,6,0,1,1,4,1,0.0,0.6616915422885572
2025-02-10,kern_laag,451,marathon,3.0,4.0,3.0,1,4,1,0,1,5,0,0,0,1,1,7,9,1,4,1,1.0,6,0,1,3,4,2,1.0,1.0
2025-02-10,kern_laag,452,fc spitbulls,3.5,3.642857142857143,3.4285714285714284,0,4,1,0,0,2,0,0,0,0,1,7,9,1,7,1,7.0,6,0,0,6,4,3,1.0,1.0
2025-02-10,kern_hoog,453,vv int mandje,5.0,5.0,5.0,0,1,0,0,1,5,0,0,0,1,4,1,4,5,1,0,1.0,3,0,1,1,4,1,0.0,0.6616915422885572
2025-02-10,kern_hoog,454,cafe theatre,5.0,5.0,5.0,1,3,0,1,0,5,0,0,0,1,4,1,4,5,2,2,4.0,3,0,0,0,4,2,1.0,1.0
2025-02-10,kern_hoog,455,vv int mandje,5.0,5.0,5.0,0,3,0,0,1,5,0,0,0,1,4,1,4,5,4,2,1.0,3,0,1,2,4,3,1.0,1.0
2024-11-21,kern_laag,456,fc spitbulls,4.0,4.0,4.0,0,2,1,0,0,5,0,0,0,1,1,3,5,4,1,1,3.0,2,0,1,0,2,1,1.0,0.6616915422885572
2024-11-21,kern_laag,457,mvc toemetoch,4.0,4.0,4.0,1,3,0,0,1,5,0,0,0,1,1,3,5,4,2,2,1.0,2,0,1,0,2,2,0.6616915422885572,1.0
2024-11-21,kern_laag,458,fc spitbulls,4.0,4.0,4.0,0,3,0,0,0,5,0,0,0,1,1,3,5,4,4,2,3.0,2,0,1,2,2,3,1.0,1.0
2025-02-10,kern_laag,459,mvc stormus,5.0,5.0,4.0,1,3,1,0,1,5,0,0,0,1,1,10,9,0,5,0,1.0,9,0,1,5,4,1,0.6616915422885572,0.6616915422885572
2025-02-10,kern_laag,460,acg,3.7572254335260116,3.7167630057803467,3.485549132947977,0,3,0,0,1,5,1,0,0,0,1,10,9,0,7,0,10.0,9,0,0,7,4,2,0.6616915422885572,1.0
2025-02-10,kern_laag,461,acg,3.7572254335260116,3.7167630057803467,3.485549132947977,0,4,1,0,1,5,0,0,0,0,1,10,9,0,9,0,10.0,9,0,0,9,4,3,0.0,0.0
2024-12-13,kern_laag,462,strong supplies,4.0,4.0,4.0,1,1,0,0,0,5,0,0,0,1,2,4,9,3,1,0,2.0,2,0,1,1,3,1,0.6616915422885572,0.6616915422885572
2024-12-13,kern_laag,463,fc spitbulls,4.0,4.0,4.0,0,3,0,0,0,5,1,0,1,0,2,4,9,3,4,2,4.0,2,0,0,2,3,2,1.0,1.0
2024-12-13,kern_laag,464,strong supplies,4.0,4.0,4.0,1,4,0,0,0,5,0,0,0,1,2,4,9,3,7,3,2.0,2,0,1,4,3,3,1.0,0.0
2024-12-18,kern_laag,465,fc spitbulls,4.0,4.0,4.0,1,2,0,0,0,5,0,0,0,1,4,6,8,6,3,0,4.0,2,0,0,3,3,1,0.0,0.6616915422885572
2024-12-18,kern_laag,466,popol and the defenders of fun,3.0,4.0,3.0,0,3,0,0,1,5,0,0,1,0,4,6,8,6,8,3,6.0,2,0,0,5,3,2,0.6616915422885572,1.0
2025-01-13,kern_laag,467,fc spitbulls,4.0,4.0,4.0,0,2,0,0,0,5,0,0,0,1,8,4,5,5,0,2,4.0,4,0,0,2,3,1,1.0,0.6616915422885572
2025-01-13,kern_laag,468,donkeyshot,4.0,4.0,4.0,1,4,0,0,0,5,0,0,0,1,8,4,5,5,4,5,8.0,4,0,0,1,3,2,1.0,1.0
2025-01-08,kern_laag,469,fc spitbulls,4.0,4.0,4.0,0,2,1,0,0,5,0,0,0,1,14,4,3,6,1,3,4.0,10,0,0,2,3,1,1.0,0.6616915422885572
2025-01-08,kern_laag,470,the lucianos,3.0,3.0,3.0,1,4,0,1,1,5,0,0,0,0,14,4,3,6,3,6,14.0,10,0,0,3,3,2,1.0,1.0
2024-11-27,kern_laag,471,fc spitbulls,4.0,4.0,4.0,1,1,1,0,0,5,0,1,1,0,6,10,2,3,1,0,6.0,4,0,0,1,2,1,1.0,0.6616915422885572
2024-11-27,kern_laag,472,donkeyshot,4.0,4.0,4.0,0,3,0,1,1,2,0,0,0,1,6,10,2,3,2,1,10.0,4,0,0,1,2,2,0.6616915422885572,0.0
2024-12-07,kern_laag,473,fc spitbulls,4.0,4.0,4.0,0,1,0,0,0,2,0,1,1,0,11,6,2,10,0,1,6.0,5,0,0,1,3,1,0.0,0.6616915422885572
2024-12-07,kern_laag,474,the indoor warriors,3.0,3.0,3.0,1,2,0,0,0,2,0,0,0,1,11,6,2,10,1,2,11.0,5,0,0,1,3,2,0.0,0.0
2024-12-07,kern_laag,475,fc spitbulls,4.0,4.0,4.0,0,3,0,0,0,2,0,0,0,1,11,6,2,10,2,6,6.0,5,0,0,4,3,3,0.0,1.0
2025-04-15,kern_laag,476,marathon,4.0,4.0,4.0,0,2,0,0,1,5,0,0,0,1,4,5,4,5,1,1,5.0,1,0,0,0,4,1,0.0,0.6616915422885572
2025-04-15,kern_laag,477,marathon,4.0,4.0,4.0,0,3,0,0,1,5,0,1,1,0,4,5,4,5,1,3,5.0,1,0,0,2,4,2,1.0,1.0
2025-04-15,kern_laag,478,marathon,4.0,4.0,4.0,0,3,0,0,1,5,0,0,0,1,4,5,4,5,1,3,5.0,1,0,0,2,4,3,0.0,0.0
2025-04-15,kern_laag,479,didits,5.0,5.0,5.0,1,4,0,0,1,4,0,0,0,1,4,5,4,5,3,5,4.0,1,0,0,2,4,4,0.6616915422885572,1.0
2024-10-16,kern_laag,480,spowerrangers,2.0,2.0,3.0,1,2,0,1,1,5,0,1,0,0,8,11,5,2,1,0,8.0,3,0,0,1,2,1,0.6616915422885572,0.6616915422885572
2024-10-16,kern_laag,481,frigo loco,4.0,4.0,5.0,0,4,0,0,1,5,0,0,0,1,8,11,5,2,5,1,11.0,3,0,0,4,2,2,1.0,0.0
2024-10-22,kern_laag,482,spowerrangers,3.0,3.0,3.0,1,1,0,0,0,5,0,0,0,0,2,7,5,4,1,1,2.0,5,0,1,0,2,1,0.0,0.6616915422885572
2024-10-22,kern_laag,483,dynamo kopman,3.6436781609195403,3.7126436781609193,3.3777777777777778,1,2,0,1,0,5,0,0,0,1,2,7,5,4,3,1,2.0,5,0,1,2,2,2,0.0,0.0
2024-10-24,kern_laag,484,union maptiko,3.6436781609195403,3.7126436781609193,3.3777777777777778,0,3,0,1,0,4,0,0,0,1,7,2,3,5,1,3,2.0,5,0,1,2,2,1,1.0,0.6616915422885572
2024-10-31,kern_laag,485,de leeuwen,5.0,5.0,5.0,1,1,0,0,0,5,0,0,1,0,7,8,6,4,0,2,7.0,1,0,0,2,2,1,1.0,0.6616915422885572
2024-10-31,kern_laag,486,spowerrangers,3.0,3.0,3.0,0,2,0,0,1,5,0,0,0,1,7,8,6,4,2,2,8.0,1,0,0,0,2,2,0.0,0.0
2024-10-31,kern_laag,487,de leeuwen,5.0,5.0,5.0,1,3,0,0,0,5,0,0,0,1,7,8,6,4,3,3,7.0,1,0,0,0,2,3,0.0,1.0
2024-10-31,kern_laag,488,spowerrangers,3.0,3.0,3.0,0,4,0,0,1,5,0,0,0,1,7,8,6,4,5,3,8.0,1,0,0,2,2,4,1.0,1.0
2024-11-15,kern_laag,489,rip,2.5,4.5,3.0,1,2,0,0,1,5,0,0,0,1,6,8,5,5,2,1,6.0,2,0,0,1,2,1,1.0,0.6616915422885572
2024-11-15,kern_laag,490,spowerrangers,3.0,3.0,3.0,0,3,0,0,1,5,0,0,0,1,6,8,5,5,3,2,8.0,2,0,0,1,2,2,1.0,1.0
2024-11-21,kern_laag,491,bocca seniors ghent,5.0,5.0,5.0,1,2,0,0,1,5,0,0,0,0,2,7,2,6,1,2,2.0,5,0,1,1,2,1,1.0,0.6616915422885572
2024-11-21,kern_laag,492,spowerrangers,4.0,4.0,4.0,0,2,0,0,1,5,0,0,0,1,2,7,2,6,1,2,7.0,5,0,0,1,2,2,1.0,0.0
2024-11-21,kern_laag,493,spowerrangers,4.0,4.0,4.0,0,3,0,0,1,5,0,0,0,1,2,7,2,6,1,4,7.0,5,0,0,3,2,3,1.0,1.0
2024-11-28,kern_laag,494,spowerrangers,3.0,3.0,3.0,0,2,0,0,0,5,0,1,0,0,9,6,2,6,1,2,6.0,3,0,0,1,2,1,1.0,0.6616915422885572
2024-11-28,kern_laag,495,team teheran,3.75,3.75,4.5,1,3,0,0,1,2,1,0,0,0,9,6,2,6,1,4,9.0,3,0,0,3,2,2,1.0,0.0
2024-12-05,kern_laag,496,spowerrangers,3.0,3.0,3.0,1,2,0,0,1,5,0,0,0,1,5,10,5,5,1,2,5.0,5,0,0,1,3,1,0.0,0.6616915422885572
2024-12-05,kern_laag,497,great ball of fire,3.6436781609195403,3.7126436781609193,3.3777777777777778,0,3,0,1,1,5,0,0,0,1,5,10,5,5,3,2,10.0,5,0,0,1,3,2,1.0,1.0
2024-12-05,kern_laag,498,spowerrangers,3.0,3.0,3.0,1,4,0,0,1,5,0,1,0,0,5,10,5,5,4,4,5.0,5,0,0,0,3,3,1.0,1.0
2024-12-13,kern_laag,499,spowerrangers,3.0,3.0,3.0,1,2,1,0,1,5,0,1,1,0,4,14,6,4,2,1,4.0,10,0,0,1,3,1,0.0,0.6616915422885572
2024-12-13,kern_laag,500,fc bwas gent,3.6436781609195403,3.7126436781609193,3.3777777777777778,0,3,0,0,0,2,0,1,1,0,4,14,6,4,4,2,14.0,10,1,0,2,3,2,0.0,0.0
2025-02-20,kern_laag,501,spowerrangers,3.0,3.0,3.0,1,2,0,1,0,2,0,0,0,1,5,13,18,3,7,1,5.0,8,0,0,6,4,1,0.0,0.6616915422885572
2025-02-20,kern_laag,502,rsc prammen,2.0,1.0,2.0,0,3,0,0,1,5,1,0,0,0,5,13,18,3,11,2,13.0,8,0,0,9,4,2,0.0,1.0
2025-02-28,kern_laag,503,spowerrangers,2.0,2.0,2.0,0,1,0,0,0,2,1,0,0,0,12,4,6,4,0,0,4.0,8,0,0,0,4,1,1.0,0.6616915422885572
2025-02-28,kern_laag,504,frigo loco,4.0,4.0,5.0,1,4,1,0,0,2,0,0,0,1,12,4,6,4,4,4,12.0,8,0,0,0,4,2,1.0,0.0
2025-02-28,kern_laag,505,spowerrangers,2.0,2.0,2.0,0,4,0,0,1,2,0,1,1,0,12,4,6,4,5,4,4.0,8,0,0,1,4,3,0.0,1.0
2025-03-04,kern_laag,506,het gouden hoofd a,3.6436781609195403,3.7126436781609193,3.3777777777777778,1,1,0,0,0,2,0,0,0,1,14,5,2,5,0,0,14.0,9,1,0,0,4,1,0.0,0.6616915422885572
2025-03-04,kern_laag,507,spowerrangers,3.0,3.0,3.0,0,3,0,1,1,2,0,0,0,1,14,5,2,5,1,2,5.0,9,0,0,1,4,2,0.0,1.0
2025-03-06,kern_laag,508,spowerrangers,3.0,3.0,3.0,1,3,1,0,1,5,0,0,0,1,4,1,4,4,2,2,4.0,3,0,0,0,4,1,1.0,0.6616915422885572
2025-03-06,kern_laag,509,dynamo kopman,3.6436781609195403,3.7126436781609193,3.3777777777777778,0,3,0,0,0,2,1,0,0,0,4,1,4,4,3,3,1.0,3,0,1,0,4,2,1.0,1.0
2025-03-17,kern_laag,510,turaconstruct,3.6436781609195403,3.7126436781609193,3.3777777777777778,1,2,0,0,0,5,0,1,1,0,5,4,6,9,1,2,5.0,1,0,0,1,4,1,0.6616915422885572,0.6616915422885572
2025-03-17,kern_laag,511,spowerrangers,3.0,3.0,3.0,0,3,0,1,1,5,0,0,0,1,5,4,6,9,4,5,4.0,1,0,0,1,4,2,1.0,0.0
2025-04-04,kern_laag,512,fc bwas gent,3.6436781609195403,3.7126436781609193,3.3777777777777778,1,1,0,1,0,5,0,0,0,1,11,5,2,2,0,1,11.0,6,0,0,1,4,1,0.0,0.6616915422885572
2025-04-04,kern_laag,513,spowerrangers,3.0,3.0,3.0,0,2,0,0,0,5,0,1,1,0,11,5,2,2,1,1,5.0,6,0,0,0,4,2,1.0,1.0
2025-04-04,kern_laag,514,fc bwas gent,3.6436781609195403,3.7126436781609193,3.3777777777777778,1,4,0,0,0,5,0,0,0,0,11,5,2,2,2,2,11.0,6,0,0,0,4,3,1.0,0.0
2024-10-21,kern_laag,515,ac turbo,3.6436781609195403,3.7126436781609193,3.3777777777777778,1,1,0,0,0,3,0,0,0,1,14,8,4,3,0,1,14.0,6,1,0,1,2,1,1.0,0.6616915422885572
2024-10-21,kern_laag,516,ac turbo,3.6436781609195403,3.7126436781609193,3.3777777777777778,1,2,0,0,0,3,0,0,0,1,14,8,4,3,1,2,14.0,6,1,0,1,2,2,1.0,1.0
2024-10-21,kern_laag,517,fc dier,4.0,4.0,4.0,0,3,1,0,0,2,0,1,1,0,14,8,4,3,2,2,8.0,6,0,0,0,2,3,1.0,1.0
2024-10-21,kern_laag,518,ac turbo,3.6436781609195403,3.7126436781609193,3.3777777777777778,1,4,0,1,0,3,1,0,1,0,14,8,4,3,2,3,14.0,6,1,0,1,2,4,1.0,0.0
2024-11-08,kern_laag,519,fc dier,3.0,4.0,3.0,1,3,0,1,0,3,1,0,0,0,9,14,6,4,4,3,9.0,5,0,0,1,2,1,0.0,0.6616915422885572
2024-11-08,kern_laag,520,mvc de kust,3.6436781609195403,3.7126436781609193,3.3777777777777778,0,3,0,0,0,2,0,0,0,1,9,14,6,4,4,3,14.0,5,1,0,1,2,2,0.6616915422885572,0.0
2024-10-17,kern_laag,521,fc dier,4.0,4.0,4.0,0,2,1,0,0,3,0,0,0,1,8,6,4,7,0,1,6.0,2,0,0,1,2,1,0.6616915422885572,0.6616915422885572
2024-10-17,kern_laag,522,ats soccer team,1.0,1.0,3.0,1,3,0,0,0,2,1,1,0,0,8,6,4,7,1,3,8.0,2,0,0,2,2,2,0.6616915422885572,1.0
2024-10-17,kern_laag,523,fc dier,4.0,4.0,4.0,0,3,0,1,0,2,0,0,0,1,8,6,4,7,1,3,6.0,2,0,0,2,2,3,1.0,0.0
2024-10-17,kern_laag,524,ats soccer team,1.0,1.0,3.0,1,4,0,0,0,6,0,0,0,1,8,6,4,7,2,5,8.0,2,0,0,3,2,4,0.0,1.0
2025-03-27,kern_laag,525,fc dier,4.0,4.0,4.0,0,2,0,0,0,2,1,0,0,1,8,10,3,6,2,2,10.0,2,0,0,0,4,1,1.0,0.6616915422885572
2025-03-27,kern_laag,526,mvc paal binnen,3.0,5.0,4.0,1,3,0,0,0,2,1,0,0,0,8,10,3,6,2,4,8.0,2,0,0,2,4,2,0.6616915422885572,1.0
2025-03-27,kern_laag,527,fc dier,4.0,4.0,4.0,0,3,0,0,0,2,0,0,0,1,8,10,3,6,3,4,10.0,2,0,0,1,4,3,1.0,0.0
2025-02-28,kern_laag,528,fc dier,4.0,4.0,4.0,1,3,0,0,0,3,0,0,0,1,11,10,4,3,0,2,11.0,1,0,0,2,4,1,0.0,0.6616915422885572
2025-02-28,kern_laag,529,ats soccer team,3.0,5.0,4.0,0,3,0,0,1,1,0,0,1,0,11,10,4,3,3,2,10.0,1,0,0,1,4,2,1.0,1.0
2025-02-10,kern_laag,530,mvc overpoort bowl,4.0,5.0,5.0,0,3,1,0,0,2,0,0,0,1,11,7,3,5,3,2,7.0,4,0,0,1,4,1,0.6616915422885572,0.6616915422885572
2025-02-10,kern_laag,531,fc dier,4.0,4.0,4.0,1,3,0,0,0,3,0,0,0,0,11,7,3,5,3,3,11.0,4,0,0,0,4,2,0.0,1.0
2025-03-31,kern_laag,532,fc dier,4.0,4.0,4.0,1,3,0,0,0,2,0,0,0,1,8,6,5,9,3,4,8.0,2,0,0,1,4,1,1.0,0.6616915422885572
2024-10-23,kern_hoog,533,de graly's,4.0,3.0,3.0,1,2,0,0,1,2,0,0,0,1,6,10,4,4,0,2,6.0,4,0,0,2,2,1,0.0,0.6616915422885572
2024-10-23,kern_hoog,534,de graly's,4.0,3.0,3.0,1,3,1,0,1,2,0,0,0,1,6,10,4,4,2,3,6.0,4,0,0,1,2,2,1.0,1.0
2024-10-23,kern_hoog,535,de graly's,4.0,3.0,3.0,1,3,0,0,1,2,0,0,0,1,6,10,4,4,3,3,6.0,4,0,0,0,2,3,1.0,1.0
2024-10-23,kern_hoog,536,omerta,2.6666666666666665,2.3333333333333335,2.3333333333333335,0,3,0,0,0,2,0,0,0,0,6,10,4,4,4,3,10.0,4,0,0,1,2,4,0.0,1.0
2024-10-23,kern_hoog,537,de graly's,4.0,3.0,3.0,1,4,0,0,1,2,1,0,0,0,6,10,4,4,4,4,6.0,4,0,0,0,2,5,1.0,0.0
2024-11-09,kern_hoog,538,mvc cleverland united,3.0,3.0,3.0,0,3,0,0,1,1,0,0,0,1,6,14,6,7,3,4,14.0,8,1,0,1,2,1,0.6616915422885572,0.6616915422885572
2024-11-13,kern_hoog,539,terrein 2,4.0,3.0,3.0,1,2,0,0,0,2,0,0,0,1,7,4,6,2,0,1,7.0,3,0,0,1,2,1,0.6616915422885572,0.6616915422885572
2024-11-13,kern_hoog,540,de graly's,4.0,4.0,4.0,0,2,0,0,1,5,0,0,0,0,7,4,6,2,2,2,4.0,3,0,0,0,2,2,0.0,1.0
2024-11-25,kern_hoog,541,de graly's,4.0,4.0,4.0,0,4,0,0,1,2,0,0,0,1,16,7,7,3,3,2,7.0,9,0,0,1,2,1,0.0,0.6616915422885572
2024-11-25,kern_hoog,542,mvc haeseveld,4.0,4.0,4.0,1,4,0,0,0,5,0,0,0,0,16,7,7,3,6,3,16.0,9,1,0,3,2,2,1.0,1.0
2024-12-04,kern_hoog,543,uustakker city,4.0,4.0,4.0,0,2,0,0,1,4,0,0,0,1,11,12,3,8,1,2,12.0,1,0,0,1,3,1,1.0,0.6616915422885572
2024-12-04,kern_hoog,544,de graly's,4.0,4.0,4.0,1,3,0,0,1,5,1,0,0,0,11,12,3,8,1,4,11.0,1,0,0,3,3,2,1.0,1.0
2025-01-22,kern_hoog,545,de graly's,4.0,2.0,3.0,0,2,0,0,1,5,0,0,0,1,13,12,3,5,2,4,12.0,1,0,0,2,3,1,0.0,0.6616915422885572
2025-01-22,kern_hoog,546,mvc gc,4.0,3.0,3.0,1,3,0,0,1,5,0,0,0,0,13,12,3,5,2,5,13.0,1,1,0,3,3,2,0.6616915422885572,1.0
2025-03-05,kern_hoog,547,omerta,4.0,3.0,3.0,1,2,0,0,1,5,0,0,0,1,5,8,10,2,4,1,5.0,3,0,0,3,4,1,0.0,0.6616915422885572
2025-03-05,kern_hoog,548,de graly's,4.0,3.0,3.0,0,3,0,0,1,5,0,0,0,1,5,8,10,2,5,1,8.0,3,0,0,4,4,2,1.0,1.0
2025-04-11,nationaal,549,erwetegem,5.0,5.0,5.0,0,2,0,0,1,2,0,0,0,1,1,2,9,5,3,0,2.0,1,0,1,3,4,1,1.0,0.6616915422885572
2025-04-11,nationaal,550,maldegem,5.0,5.0,5.0,1,3,0,1,1,3,0,0,0,1,1,2,9,5,6,2,1.0,1,0,1,4,4,2,0.0,1.0
2025-04-11,nationaal,551,erwetegem,5.0,5.0,5.0,0,3,0,0,1,2,0,0,0,1,1,2,9,5,7,2,2.0,1,0,1,5,4,3,1.0,1.0
2025-04-11,nationaal,552,maldegem,5.0,5.0,5.0,1,4,0,1,1,3,0,0,0,1,1,2,9,5,7,5,1.0,1,0,1,2,4,4,1.0,1.0
2025-04-04,nationaal,553,elsegem,5.0,5.0,5.0,0,1,0,0,1,2,0,0,0,1,,,5,4,0,0,,,0,0,0,4,1,1.0,0.6616915422885572
2025-04-04,nationaal,554,deftinge,5.0,5.0,5.0,1,2,0,0,1,2,0,0,0,1,,,5,4,0,2,,,0,0,2,4,2,1.0,1.0
2025-04-04,nationaal,555,erwetegem,5.0,5.0,5.0,1,2,0,0,1,2,0,0,0,1,,,8,6,2,3,,,0,0,1,4,1,1.0,0.6616915422885572
2025-04-04,nationaal,556,drongen,5.0,5.0,5.0,0,2,0,0,1,2,0,0,1,0,,,8,6,3,3,,,0,0,0,4,2,1.0,1.0
2025-04-04,nationaal,557,erwetegem,5.0,5.0,5.0,1,3,0,0,1,2,0,0,0,1,,,8,6,4,4,,,0,0,0,4,3,1.0,0.0
2025-04-04,nationaal,558,drongen,5.0,5.0,5.0,0,4,0,0,1,2,1,0,1,0,,,8,6,6,6,,,0,0,0,4,4,0.0,1.0
2025-03-29,nationaal,559,drongen,5.0,5.0,5.0,0,1,0,0,1,2,1,0,0,1,3,5,8,4,1,0,5.0,2,0,0,1,4,1,1.0,0.6616915422885572
2025-03-29,nationaal,560,drongen,5.0,5.0,5.0,0,1,0,0,1,2,0,0,0,1,3,5,8,4,4,2,5.0,2,0,0,2,4,2,1.0,1.0
2025-03-14,nationaal,561,maldegem,5.0,5.0,5.0,1,1,0,1,1,3,0,0,0,1,1,5,5,4,1,2,1.0,4,0,1,1,4,1,1.0,0.6616915422885572
2025-03-14,nationaal,562,kortemark,5.0,5.0,5.0,0,3,0,0,1,2,0,0,0,1,1,5,5,4,3,2,5.0,4,0,0,1,4,2,1.0,1.0
2025-03-14,nationaal,563,maldegem,5.0,5.0,5.0,1,1,0,1,1,3,1,0,0,0,1,5,5,4,4,3,1.0,4,0,1,1,4,3,1.0,1.0
2024-10-04,nationaal,564,elsegem,5.0,5.0,5.0,0,2,0,0,1,2,0,0,0,1,2,3,9,6,2,1,3.0,1,0,1,1,2,1,0.6616915422885572,0.6616915422885572
2024-10-04,nationaal,565,erwetegem,5.0,5.0,5.0,1,2,0,0,1,2,0,0,0,1,2,3,9,6,2,2,2.0,1,0,1,0,2,2,0.6616915422885572,1.0
2024-10-04,nationaal,566,elsegem,5.0,5.0,5.0,0,4,0,0,1,2,0,0,0,1,2,3,9,6,7,4,3.0,1,0,1,3,2,3,1.0,1.0
2024-10-04,nationaal,567,erwetegem,5.0,5.0,5.0,1,4,0,0,1,2,0,0,0,1,2,3,9,6,7,6,2.0,1,0,1,1,2,4,1.0,1.0
2025-02-07,nationaal,568,geraardsbergen a,5.0,5.0,5.0,1,3,0,0,1,2,0,0,1,0,11,12,7,4,4,1,11.0,1,1,0,3,4,1,1.0,0.6616915422885572
2024-11-08,nationaal,569,erwetegem,5.0,5.0,5.0,0,1,1,0,1,2,0,0,0,1,4,2,2,6,0,0,2.0,2,0,1,0,2,1,1.0,0.6616915422885572
2024-11-08,nationaal,570,deftinge,5.0,5.0,5.0,1,2,0,0,1,2,0,0,0,1,4,2,2,6,0,2,4.0,2,0,0,2,2,2,0.6616915422885572,1.0
2024-11-08,nationaal,571,erwetegem,5.0,5.0,5.0,0,3,1,0,1,2,1,0,1,0,4,2,2,6,2,4,2.0,2,0,1,2,2,3,1.0,1.0
2025-02-21,nationaal,572,oostkamp,5.0,5.0,5.0,0,1,0,0,1,5,0,0,0,1,8,9,4,8,1,1,9.0,1,0,0,0,4,1,1.0,0.6616915422885572
2025-02-21,nationaal,573,the oliver boys,5.0,5.0,5.0,1,2,0,0,1,2,0,0,0,1,8,9,4,8,1,3,8.0,1,0,0,2,4,2,1.0,1.0
2025-02-21,nationaal,574,the oliver boys,5.0,5.0,5.0,1,3,0,0,1,2,0,0,0,1,8,9,4,8,2,5,8.0,1,0,0,3,4,3,1.0,1.0
2025-02-21,nationaal,575,oostkamp,5.0,5.0,5.0,0,4,0,0,1,5,0,0,0,1,8,9,4,8,4,6,9.0,1,0,0,2,4,4,1.0,1.0
2025-03-21,nationaal,576,kortemark,5.0,5.0,5.0,1,3,0,0,1,2,0,0,0,1,5,6,5,4,4,1,5.0,1,0,0,3,4,1,1.0,0.6616915422885572
2025-03-21,nationaal,577,drongen,5.0,5.0,5.0,0,4,0,0,1,2,0,0,1,0,5,6,5,4,5,2,6.0,1,0,0,3,4,2,1.0,1.0
2025-03-21,nationaal,578,drongen,5.0,5.0,5.0,0,4,0,0,1,2,0,0,0,1,5,6,5,4,5,3,6.0,1,0,0,2,4,3,0.0,0.0
2024-09-20,nationaal,579,maldegem,5.0,5.0,5.0,0,2,0,1,1,3,0,0,0,1,1,10,2,4,0,1,10.0,9,0,0,1,1,1,0.6616915422885572,0.6616915422885572
2024-09-20,nationaal,580,oostkamp,5.0,5.0,5.0,1,2,0,0,1,2,0,0,0,1,1,10,2,4,0,2,1.0,9,0,1,2,1,2,0.6616915422885572,1.0
2024-09-20,nationaal,581,oostkamp,5.0,5.0,5.0,1,4,1,0,1,2,0,0,0,1,1,10,2,4,1,4,1.0,9,0,1,3,1,3,1.0,1.0
2024-09-27,nationaal,582,sint gillis waas,5.0,5.0,5.0,1,2,0,0,1,2,0,0,1,1,12,8,6,8,1,1,12.0,4,1,0,0,1,1,0.6616915422885572,0.6616915422885572
2024-09-27,nationaal,583,ardooie,5.0,5.0,5.0,0,2,0,0,1,5,0,0,1,1,12,8,6,8,2,1,8.0,4,0,0,1,1,2,0.6616915422885572,1.0
2024-09-27,nationaal,584,ardooie,5.0,5.0,5.0,0,3,0,0,1,5,1,0,1,0,12,8,6,8,3,5,8.0,4,0,0,2,1,3,1.0,1.0
2024-10-18,nationaal,585,drongen,5.0,5.0,5.0,0,1,0,0,1,2,0,0,0,1,8,6,4,6,0,0,6.0,2,0,0,0,2,1,1.0,0.6616915422885572
2024-10-18,nationaal,586,the oliver boys,5.0,5.0,5.0,1,3,0,0,1,5,0,0,0,1,8,6,4,6,1,2,8.0,2,0,0,1,2,2,1.0,1.0
2024-10-18,nationaal,587,drongen,5.0,5.0,5.0,0,4,0,0,1,2,0,0,0,1,8,6,4,6,3,2,6.0,2,0,0,1,2,3,1.0,1.0
2024-10-18,nationaal,588,the oliver boys,5.0,5.0,5.0,1,4,0,0,1,5,0,0,0,1,8,6,4,6,3,6,8.0,2,0,0,3,2,4,1.0,1.0
2024-10-25,nationaal,589,sint gillis waas,5.0,5.0,5.0,0,2,0,0,1,2,0,0,1,0,5,11,7,0,0,0,11.0,6,1,0,0,2,1,1.0,0.6616915422885572
2024-10-25,nationaal,590,kortemark,5.0,5.0,5.0,1,2,0,0,1,2,0,0,0,1,5,11,7,0,0,0,5.0,6,0,0,0,2,2,1.0,0.0
2024-10-25,nationaal,591,kortemark,5.0,5.0,5.0,1,4,0,0,1,2,0,0,0,1,5,11,7,0,5,0,5.0,6,0,0,5,2,3,1.0,1.0
2024-11-22,nationaal,592,drongen,5.0,5.0,5.0,1,1,0,0,1,2,0,0,0,1,6,5,6,5,1,0,6.0,1,0,0,1,2,1,1.0,0.6616915422885572
2024-11-22,nationaal,593,drongen,5.0,5.0,5.0,1,3,0,0,1,2,0,0,0,1,6,5,6,5,3,2,6.0,1,0,0,1,2,2,1.0,1.0
2024-11-22,nationaal,594,kortemark,5.0,5.0,5.0,0,3,0,0,1,2,0,0,0,1,6,5,6,5,4,2,5.0,1,0,0,2,2,3,1.0,1.0
2024-11-22,nationaal,595,drongen,5.0,5.0,5.0,1,4,0,0,1,2,0,0,0,1,6,5,6,5,5,4,6.0,1,0,0,1,2,4,1.0,1.0
2024-11-29,nationaal,596,waregem,5.0,5.0,5.0,1,1,0,0,1,2,0,0,0,1,10,12,8,8,1,2,10.0,2,0,0,1,2,1,0.6616915422885572,0.6616915422885572
2024-11-29,nationaal,597,waregem,5.0,5.0,5.0,1,2,0,0,1,2,0,0,0,1,10,12,8,8,3,2,10.0,2,0,0,1,2,2,1.0,1.0
2024-11-29,nationaal,598,sint gillis waas,5.0,5.0,5.0,0,2,0,0,1,2,0,0,0,1,10,12,8,8,5,2,12.0,2,1,0,3,2,3,0.0,1.0
2024-11-29,nationaal,599,sint gillis waas,5.0,5.0,5.0,0,4,0,0,1,2,0,0,0,1,10,12,8,8,7,5,12.0,2,1,0,2,2,4,1.0,1.0
2024-12-06,nationaal,600,erwetegem,5.0,5.0,5.0,0,1,0,0,1,2,0,0,0,1,5,2,6,4,0,0,2.0,3,0,1,0,3,1,0.0,0.6616915422885572
2024-12-06,nationaal,601,erwetegem,5.0,5.0,5.0,0,3,0,0,1,2,0,0,0,1,5,2,6,4,2,2,2.0,3,0,1,0,3,2,1.0,1.0
2024-12-06,nationaal,602,erwetegem,5.0,5.0,5.0,0,3,0,0,1,2,0,0,0,1,5,2,6,4,3,3,2.0,3,0,1,0,3,3,1.0,1.0
2024-12-06,nationaal,603, kortemark,5.0,5.0,5.0,1,4,0,0,1,2,1,0,0,1,5,2,6,4,3,4,5.0,3,0,0,1,3,4,0.6616915422885572,1.0
